customer_id,signup_date,country,age,gender,plan_type,monthly_fee
C100000,31/01/2022,ES,58,F,basic,16.51
C100001,2022-12-30,ES,56,Unknown,premium,8.99
C100002,10/05/2021,NL,19,M,premium,43.68
C100003,2022-07-18,ES,,Unknown,basic,27.14
C100004,2022-02-04,DE,46,M,basic,55.6
C100005,2021-12-31,FR,68,,gold,40.76
C100006,2023-09-21,FR,27,M,gold,9.97
C100007,2021-11-10,FR,31,M,basic,57.13
C100008,27/06/2023,ES,68,M,?,19.22
C100009,02/05/2019,IT,56,F,?,23.55
C100010,2020-04-11,FR,45,F,premium,27.12
C100011,23/05/2022,ES,20,,,7.82
C100012,2019-11-27,IT,44,M,premium,32.31
C100013,2023-01-22,FR,19,X,premium,11.78
C100014,2019-03-29,NL,55,,,27.05
C100015,28/10/2022,ES,20,M,basic,24.29
C100016,28/01/2022,FR,33,M,?,47.51
C100017,21/05/2021,IT,57,F,premium,49.17
C100018,2023-08-15,ES,19,,,13.44
C100019,2019-05-11,ES,58,M,gold,25.16
C100020,2023-08-13,ES,29,M,premium,25.53
C100021,25/08/2022,ES,52,,?,13.33
C100022,2021-02-08,IT,,X,basic,48.91
C100023,2019-12-10,DE,72,,premium,43.9
C100024,2023-02-24,FR,62,,premium,15.47
C100025,2022-12-08,DE,79,X,,25.17
C100026,16/03/2021,IT,66,,gold,10.82
C100027,2020-01-21,FR,42,M,gold,39.55
C100028,30/04/2022,NL,40,,basic,11.68
C100029,2021-08-13,ES,41,X,?,59.23
C100030,2019-10-04,NL,55,Unknown,basic,47.94
C100031,2022-03-30,,45,,premium,26.46
C100032,2020-04-04,NL,38,F,premium,36.82
C100033,2022-08-30,NL,71,M,gold,55.12
C100034,2019-01-22,ES,35,M,?,35.48
C100035,2019-09-10,ES,53,F,,14.6
C100036,17/01/2021,FR,62,F,?,25.83
C100037,2021-05-06,DE,70,,premium,51.37
C100038,2023-05-04,ES,47,F,,40.43
C100039,19/04/2020,ES,77,Unknown,?,40.79
C100040,2021-12-18,FR,49,X,?,52.68
C100041,2020-05-25,ES,45,F,,54.17
C100042,2023-09-02,NL,61,F,premium,55.59
C100043,2023-02-08,ES,58,Unknown,?,10.22
C100044,2020-11-30,IT,,M,,34.93
C100045,02/09/2021,NL,40,M,premium,45.73
C100046,12/12/2023,,65,,,46.63
C100047,09/07/2019,IT,49,Unknown,,38.37
C100048,2021-08-15,NL,74,X,?,14.17
C100049,2020-11-17,,50,X,premium,48.86
C100050,2021-08-15,??,41,Unknown,?,44.61
C100051,2020-07-16,DE,56,X,basic,9.74
C100052,2023-05-10,ES,51,M,basic,30.51
C100053,21/06/2022,FR,73,X,premium,14.57
C100054,2021-04-11,DE,45,X,,23.56
C100055,2023-03-09,IT,54,Unknown,?,5.99
C100056,2022-02-28,IT,24,Unknown,?,27.02
C100057,17/02/2023,NL,54,X,premium,35.24
C100058,08/10/2020,DE,73,F,premium,39.08
C100059,2019-01-21,NL,,Unknown,basic,41.49
C100060,20/04/2021,IT,,,gold,51.0
C100061,2019-06-16,IT,64,,premium,16.85
C100062,21/07/2022,??,37,M,gold,11.63
C100063,2020-01-23,IT,36,X,premium,51.83
C100064,2020-08-23,FR,46,F,,13.61
C100065,2019-11-12,NL,77,M,,58.61
C100066,14/01/2019,FR,35,X,basic,51.34
C100067,2019-08-30,DE,52,Unknown,basic,32.55
C100068,2021-02-15,NL,60,,gold,58.98
C100069,2022-10-01,FR,28,F,premium,10.36
C100070,2020-07-18,IT,66,,?,21.67
C100071,16/06/2021,FR,55,Unknown,basic,40.1
C100072,2022-09-25,NL,,X,?,24.25
C100073,02/04/2019,FR,25,Unknown,?,56.06
C100074,2022-10-22,,51,Unknown,premium,8.61
C100075,13/08/2021,IT,65,,gold,35.22
C100076,2023-01-18,DE,73,F,premium,37.5
C100077,2022-12-22,ES,,Unknown,basic,40.9
C100078,2020-05-23,,48,,?,19.06
C100079,2021-02-14,ES,21,F,premium,25.05
C100080,2019-02-04,DE,67,X,premium,51.4
C100081,2019-07-25,ES,47,X,premium,15.72
C100082,2022-01-09,ES,76,M,basic,50.48
C100083,2023-05-05,IT,62,,gold,35.95
C100084,12/11/2022,IT,21,F,premium,46.92
C100085,2021-10-22,ES,43,Unknown,basic,44.25
C100086,2021-10-18,FR,44,X,?,16.41
C100087,2022-11-14,IT,63,F,,36.28
C100088,2020-07-19,ES,,,basic,52.72
C100089,2022-02-03,DE,68,M,,28.77
C100090,2023-12-01,??,67,X,premium,58.16
C100091,09/02/2023,IT,23,F,premium,29.87
C100092,2020-12-03,IT,76,F,basic,12.85
C100093,2020-02-06,NL,32,F,,26.42
C100094,30/12/2020,ES,47,,premium,57.34
C100095,2023-04-29,NL,59,,?,22.58
C100096,11/06/2019,ES,54,,gold,52.75
C100097,2019-07-21,DE,59,Unknown,gold,53.47
C100098,22/09/2021,ES,52,F,premium,24.26
C100099,27/09/2019,ES,23,X,,9.58
C100100,26/03/2021,IT,35,,premium,44.85
C100101,2022-07-18,DE,46,,,22.13
C100102,2020-03-31,DE,76,F,?,48.06
C100103,25/01/2023,FR,64,,,29.35
C100104,2023-10-17,FR,34,Unknown,premium,31.69
C100105,29/06/2022,IT,39,Unknown,?,47.79
C100106,2021-10-13,FR,54,,basic,26.03
C100107,22/09/2023,IT,66,F,gold,29.37
C100108,23/10/2019,ES,30,F,premium,25.69
C100109,15/10/2023,ES,51,F,premium,25.2
C100110,20/12/2020,NL,70,M,premium,33.93
C100111,2023-11-08,ES,68,,?,49.48
C100112,04/12/2019,IT,20,F,basic,24.9
C100113,2021-05-28,ES,59,Unknown,,33.83
C100114,2021-12-12,FR,49,X,basic,41.89
C100115,2021-03-02,,68,X,?,19.82
C100116,2019-08-05,DE,63,F,premium,20.26
C100117,2021-02-02,DE,38,X,gold,56.34
C100118,2019-07-07,IT,61,X,premium,44.79
C100119,2020-01-15,DE,28,M,,36.75
C100120,2020-05-07,NL,18,Unknown,gold,40.62
C100121,30/11/2021,ES,,Unknown,premium,6.61
C100122,2022-03-26,??,41,M,gold,39.0
C100123,2019-01-15,IT,30,M,basic,33.02
C100124,2019-03-06,IT,28,X,?,35.02
C100125,2020-06-04,??,68,,premium,24.77
C100126,2022-09-29,FR,34,X,,9.48
C100127,26/02/2022,,41,M,basic,15.63
C100128,2020-10-09,DE,36,Unknown,premium,57.29
C100129,2023-02-04,ES,54,X,basic,27.48
C100130,2021-12-22,FR,25,,,30.67
C100131,2022-03-08,ES,45,X,premium,7.9
C100132,2023-03-03,DE,22,F,,7.07
C100133,15/08/2020,NL,34,X,gold,44.44
C100134,27/01/2020,NL,53,M,,34.6
C100135,2023-08-26,,36,Unknown,gold,32.98
C100136,2020-02-23,DE,,Unknown,premium,18.37
C100137,2019-10-16,IT,28,M,gold,45.96
C100138,2020-01-14,ES,71,F,premium,14.25
C100139,02/12/2023,FR,62,M,premium,15.45
C100140,2023-02-22,FR,64,X,?,30.34
C100141,2019-08-19,ES,29,M,premium,20.75
C100142,2021-10-14,IT,38,M,gold,18.61
C100143,10/02/2019,ES,28,F,?,40.49
C100144,2021-11-17,ES,22,X,?,40.8
C100145,2019-05-15,DE,73,,premium,50.35
C100146,20/07/2019,DE,37,,,27.97
C100147,2021-02-18,DE,58,Unknown,,9.02
C100148,2021-07-18,,63,M,?,20.05
C100149,2021-11-22,DE,29,Unknown,premium,58.9
C100150,2021-12-07,DE,34,F,,37.79
C100151,2020-05-17,FR,36,,premium,44.04
C100152,2020-02-11,NL,43,M,premium,5.4
C100153,17/05/2023,,65,F,?,33.5
C100154,2023-10-18,IT,69,F,?,7.06
C100155,15/03/2021,IT,72,M,basic,36.31
C100156,2019-04-09,ES,50,F,,55.64
C100157,2020-11-14,DE,79,M,,58.26
C100158,2020-12-26,,40,M,,34.73
C100159,2023-04-20,IT,32,X,gold,30.2
C100160,18/08/2021,IT,44,Unknown,premium,56.98
C100161,29/10/2023,IT,,F,?,42.05
C100162,04/09/2020,IT,68,F,,8.57
C100163,2023-01-25,IT,70,X,basic,30.61
C100164,2020-10-04,,68,X,,18.21
C100165,2023-11-28,??,64,X,premium,30.84
C100166,25/10/2021,IT,21,,premium,30.05
C100167,2022-05-26,IT,24,,?,37.02
C100168,2020-05-17,DE,52,,gold,24.62
C100169,05/02/2021,IT,65,M,?,14.03
C100170,2020-02-02,DE,62,F,,32.7
C100171,2021-05-20,ES,36,Unknown,basic,50.66
C100172,2021-03-05,,,M,?,41.52
C100173,2020-01-28,ES,55,F,gold,23.61
C100174,26/07/2019,ES,76,F,?,56.45
C100175,2021-11-04,FR,30,X,premium,55.17
C100176,2023-04-27,DE,64,X,,16.51
C100177,2021-06-10,IT,78,M,,7.17
C100178,24/01/2023,DE,48,X,,45.77
C100179,11/09/2023,DE,39,F,,50.52
C100180,2023-05-18,ES,60,X,,58.23
C100181,2021-05-13,IT,71,,,53.94
C100182,2021-01-12,IT,27,X,basic,38.03
C100183,2022-06-18,DE,59,F,gold,34.15
C100184,2020-07-17,ES,,M,,6.53
C100185,2021-10-17,ES,38,Unknown,gold,18.57
C100186,2019-04-06,IT,58,X,,30.28
C100187,2023-10-24,IT,41,F,?,39.57
C100188,2020-04-29,FR,52,Unknown,,35.65
C100189,01/12/2022,ES,73,Unknown,premium,45.84
C100190,2019-08-19,ES,47,,basic,20.39
C100191,18/01/2021,NL,74,Unknown,?,36.07
C100192,2023-08-06,ES,64,F,?,9.85
C100193,2022-04-09,ES,52,F,premium,27.75
C100194,2020-06-24,ES,36,X,,46.26
C100195,2021-11-25,ES,25,X,basic,43.14
C100196,2020-06-08,NL,43,X,?,59.49
C100197,2022-03-29,ES,47,Unknown,basic,20.28
C100198,2023-09-19,IT,24,Unknown,?,32.4
C100199,2022-06-20,IT,,,,23.12
C100200,14/01/2022,ES,53,X,?,29.23
C100201,2023-12-25,ES,42,M,?,52.13
C100202,2020-07-31,NL,54,,gold,42.63
C100203,2020-11-12,ES,18,M,,53.53
C100204,2020-07-10,ES,32,Unknown,premium,16.19
C100205,2023-05-17,,54,,premium,53.03
C100206,09/10/2021,DE,30,,,8.29
C100207,2020-10-07,DE,25,F,premium,53.87
C100208,2021-03-06,FR,22,Unknown,,23.1
C100209,2021-11-17,??,77,Unknown,premium,22.3
C100210,2023-07-02,DE,18,,gold,33.16
C100211,2023-04-29,DE,53,Unknown,premium,56.74
C100212,2022-09-25,DE,52,,?,7.63
C100213,2023-12-27,DE,,F,,24.37
C100214,16/09/2022,DE,40,,basic,52.11
C100215,22/07/2023,ES,26,Unknown,basic,26.78
C100216,2023-03-10,ES,51,Unknown,,15.95
C100217,03/10/2022,FR,63,,gold,28.36
C100218,05/02/2023,FR,21,,premium,26.21
C100219,08/06/2022,DE,47,,gold,55.35
C100220,09/07/2019,FR,20,X,basic,46.91
C100221,02/06/2022,ES,31,Unknown,,32.78
C100222,2022-11-09,IT,77,Unknown,,59.36
C100223,01/11/2022,DE,62,X,gold,30.59
C100224,2022-07-30,ES,51,,gold,8.2
C100225,2020-09-24,FR,62,F,premium,19.43
C100226,2020-09-19,NL,78,,?,28.98
C100227,2021-08-30,IT,33,,?,13.63
C100228,2023-11-04,ES,57,X,premium,57.12
C100229,2022-07-06,FR,34,Unknown,?,47.18
C100230,2022-10-14,??,51,,basic,19.76
C100231,10/12/2020,DE,33,Unknown,?,37.49
C100232,19/01/2023,DE,77,M,premium,44.68
C100233,05/12/2022,FR,30,Unknown,?,56.77
C100234,2020-10-10,DE,73,F,,53.49
C100235,2019-11-14,,48,F,gold,33.34
C100236,28/08/2023,IT,51,,basic,47.61
C100237,2022-06-02,FR,56,Unknown,,35.92
C100238,11/06/2022,ES,25,,,35.4
C100239,2020-11-14,,72,X,premium,11.31
C100240,2020-10-25,NL,44,F,gold,11.94
C100241,2022-10-29,IT,70,,gold,34.12
C100242,2023-08-23,??,56,X,basic,19.79
C100243,2023-06-20,,,,premium,6.16
C100244,2023-02-04,IT,34,Unknown,basic,44.76
C100245,10/06/2022,DE,47,Unknown,?,6.79
C100246,2023-09-12,ES,70,Unknown,,37.74
C100247,2022-02-10,NL,30,Unknown,basic,34.66
C100248,2023-03-01,FR,38,M,,58.28
C100249,17/03/2020,NL,36,X,premium,31.63
C100250,2020-07-17,DE,70,X,?,8.5
C100251,2022-07-15,DE,36,Unknown,premium,35.34
C100252,2023-03-14,FR,74,M,?,51.26
C100253,2022-11-10,DE,42,Unknown,?,59.83
C100254,2022-11-11,,48,M,,28.67
C100255,2022-02-10,NL,72,Unknown,premium,22.62
C100256,2023-06-25,NL,40,F,premium,54.87
C100257,2023-07-07,IT,49,F,basic,15.52
C100258,2021-08-09,FR,79,,premium,38.85
C100259,09/01/2022,ES,27,Unknown,basic,27.31
C100260,2020-11-29,ES,71,X,gold,7.26
C100261,2019-04-23,ES,69,,gold,24.1
C100262,2019-01-02,FR,37,F,gold,19.59
C100263,2020-10-03,ES,49,Unknown,premium,42.74
C100264,2019-08-08,ES,31,,premium,57.18
C100265,2023-05-09,,67,Unknown,basic,19.74
C100266,2021-05-04,NL,45,F,?,49.63
C100267,26/10/2023,ES,70,,basic,8.04
C100268,2022-06-02,IT,41,F,gold,34.6
C100269,2020-01-20,IT,39,M,basic,8.88
C100270,2022-11-27,DE,47,F,?,56.37
C100271,2023-07-20,NL,,Unknown,premium,47.15
C100272,2022-02-27,NL,21,X,basic,41.19
C100273,2021-12-12,ES,76,F,gold,50.31
C100274,2023-09-04,FR,25,X,gold,40.61
C100275,2020-12-30,FR,29,M,premium,58.29
C100276,2023-08-23,ES,48,,basic,44.27
C100277,2023-09-30,DE,51,,?,55.86
C100278,2022-12-10,NL,66,X,premium,33.44
C100279,2019-09-04,DE,74,,basic,11.44
C100280,2021-04-15,FR,43,F,,34.05
C100281,2023-01-02,??,35,X,gold,11.98
C100282,2019-07-22,IT,55,Unknown,?,37.59
C100283,2022-04-22,FR,67,F,?,31.54
C100284,2019-05-03,FR,25,F,?,39.24
C100285,2020-02-05,DE,58,F,gold,5.55
C100286,05/02/2021,IT,23,Unknown,basic,15.72
C100287,21/10/2019,DE,61,M,premium,32.02
C100288,2019-10-07,ES,,,basic,57.28
C100289,02/06/2021,,46,X,premium,26.1
C100290,2023-06-22,DE,45,M,?,28.34
C100291,17/07/2019,NL,28,X,basic,44.31
C100292,2021-09-08,,,,?,38.21
C100293,15/03/2023,DE,36,Unknown,,21.44
C100294,21/01/2021,NL,26,F,?,27.59
C100295,2019-05-24,ES,44,F,?,16.97
C100296,2020-08-31,??,51,Unknown,premium,58.13
C100297,2022-05-09,ES,61,M,,12.18
C100298,21/02/2022,IT,32,M,?,25.45
C100299,2019-07-06,ES,68,X,?,6.42
C100300,2022-09-11,NL,30,Unknown,,17.2
C100301,2020-04-08,IT,66,M,,47.93
C100302,2022-10-04,ES,73,Unknown,basic,16.06
C100303,2023-11-30,NL,68,,premium,9.4
C100304,2020-10-21,FR,54,F,,31.09
C100305,02/02/2021,DE,34,F,,5.55
C100306,2021-08-12,DE,75,F,gold,9.66
C100307,07/02/2020,FR,46,Unknown,,49.42
C100308,2022-10-01,FR,50,Unknown,premium,47.43
C100309,2023-03-15,??,77,X,?,55.33
C100310,2019-05-27,DE,72,F,?,52.0
C100311,2022-03-17,IT,27,X,?,42.57
C100312,2021-05-13,DE,64,F,?,7.88
C100313,01/10/2023,NL,40,X,gold,48.06
C100314,2020-05-03,,38,X,,51.5
C100315,17/07/2021,ES,30,,?,48.95
C100316,2023-07-22,NL,50,X,basic,32.97
C100317,2020-07-04,DE,41,Unknown,?,17.81
C100318,2019-12-04,NL,28,X,,51.49
C100319,2021-05-21,FR,34,F,?,44.99
C100320,2020-10-02,??,64,X,gold,58.94
C100321,08/12/2023,DE,42,M,premium,13.56
C100322,17/04/2020,ES,38,F,premium,17.41
C100323,31/05/2019,IT,29,M,,16.65
C100324,09/12/2022,FR,54,F,premium,48.59
C100325,2022-08-14,DE,59,Unknown,premium,15.28
C100326,2023-06-23,DE,34,Unknown,basic,8.67
C100327,20/09/2019,FR,65,Unknown,,59.92
C100328,2023-11-23,ES,45,M,,6.36
C100329,24/05/2019,DE,58,,premium,50.94
C100330,12/12/2019,FR,64,F,premium,25.1
C100331,2020-09-15,DE,35,Unknown,premium,51.29
C100332,2021-10-13,NL,30,F,gold,35.5
C100333,2023-05-15,DE,30,M,?,54.59
C100334,2021-05-30,FR,48,,gold,55.94
C100335,2019-01-02,DE,19,M,,5.5
C100336,2021-06-15,ES,33,F,basic,9.15
C100337,2022-08-20,NL,26,,?,18.77
C100338,2019-09-11,FR,55,,basic,41.81
C100339,03/08/2023,DE,71,M,,53.85
C100340,28/03/2020,IT,73,Unknown,,30.3
C100341,2021-11-26,IT,62,F,basic,38.38
C100342,2022-03-29,DE,51,X,basic,15.37
C100343,11/10/2021,IT,26,X,basic,49.27
C100344,2019-01-09,??,25,M,,58.2
C100345,2022-06-10,DE,24,F,premium,19.77
C100346,2022-01-27,IT,53,F,basic,32.22
C100347,10/08/2023,IT,35,M,?,9.74
C100348,2021-03-26,ES,20,F,,35.75
C100349,2019-07-27,DE,45,Unknown,gold,32.65
C100350,2022-02-28,DE,61,M,gold,12.94
C100351,08/02/2020,NL,38,Unknown,?,29.31
C100352,2019-06-01,,45,F,premium,23.38
C100353,23/02/2019,IT,71,M,basic,33.7
C100354,2022-02-17,ES,71,F,,37.21
C100355,2023-08-24,IT,,M,basic,5.47
C100356,2020-09-19,ES,38,F,,46.86
C100357,2020-08-09,FR,30,Unknown,gold,44.22
C100358,07/07/2023,DE,74,Unknown,basic,25.15
C100359,2022-12-14,NL,66,F,?,7.91
C100360,2022-12-16,FR,71,M,premium,46.52
C100361,2019-04-14,NL,27,X,?,57.53
C100362,2019-09-11,FR,70,Unknown,premium,18.21
C100363,04/06/2022,DE,61,Unknown,basic,22.79
C100364,09/02/2022,DE,64,X,basic,15.11
C100365,2020-05-24,ES,70,F,premium,36.73
C100366,05/02/2023,??,63,M,gold,13.52
C100367,2019-04-09,DE,30,F,,24.59
C100368,02/06/2019,NL,54,,?,43.34
C100369,2021-07-02,ES,41,Unknown,?,35.81
C100370,27/05/2021,NL,19,,?,26.26
C100371,04/12/2019,FR,31,Unknown,basic,28.11
C100372,26/09/2023,NL,27,Unknown,?,35.92
C100373,2021-04-01,IT,52,,,5.32
C100374,01/04/2022,FR,42,,,9.32
C100375,2023-10-10,DE,20,F,premium,53.47
C100376,2021-08-14,NL,34,,basic,9.28
C100377,2023-09-01,,29,F,,43.87
C100378,10/06/2019,DE,71,F,gold,55.6
C100379,23/05/2023,IT,41,F,basic,19.89
C100380,2021-03-11,??,46,Unknown,basic,25.38
C100381,02/02/2020,NL,60,Unknown,,36.29
C100382,2022-07-24,,42,,gold,53.49
C100383,26/03/2021,IT,77,Unknown,premium,56.8
C100384,2023-03-08,ES,,,,45.68
C100385,2022-11-16,FR,45,Unknown,gold,9.76
C100386,2022-03-04,FR,33,M,basic,41.8
C100387,2022-05-03,IT,64,M,gold,27.57
C100388,2020-02-05,IT,75,,basic,30.89
C100389,2020-10-01,FR,44,Unknown,,7.7
C100390,22/11/2021,NL,70,Unknown,,15.51
C100391,2020-11-18,IT,59,F,?,48.48
C100392,2020-04-04,ES,76,X,?,29.97
C100393,2021-08-12,ES,64,,?,21.59
C100394,2020-04-14,ES,51,X,,26.12
C100395,2022-10-30,DE,54,X,premium,51.99
C100396,11/11/2021,FR,23,,,46.19
C100397,2021-01-19,DE,24,Unknown,gold,19.98
C100398,21/08/2023,DE,42,,,11.46
C100399,2019-02-07,ES,50,X,,18.86
C100400,2019-08-18,ES,72,Unknown,basic,55.64
C100401,2022-10-20,DE,75,M,basic,36.99
C100402,2020-07-16,IT,24,,basic,34.34
C100403,2020-03-13,FR,74,,,37.8
C100404,05/12/2023,??,29,Unknown,premium,25.13
C100405,2022-07-30,,33,M,gold,49.39
C100406,27/01/2019,DE,60,M,gold,33.78
C100407,2019-08-14,ES,24,Unknown,premium,11.42
C100408,2022-07-24,DE,68,F,premium,12.1
C100409,2021-03-08,ES,49,,gold,34.53
C100410,21/06/2023,IT,25,,?,56.51
C100411,2019-10-11,FR,62,X,basic,21.96
C100412,28/05/2021,ES,76,Unknown,basic,52.82
C100413,2021-08-17,FR,21,X,gold,47.03
C100414,13/02/2023,DE,46,X,premium,18.63
C100415,28/03/2020,IT,46,M,?,7.0
C100416,16/10/2021,FR,45,,gold,10.6
C100417,2021-03-26,ES,61,X,basic,45.07
C100418,2020-10-20,ES,21,M,,15.98
C100419,20/03/2023,,26,Unknown,premium,25.42
C100420,2020-06-30,DE,22,X,,32.59
C100421,2022-04-30,ES,73,,gold,44.9
C100422,08/12/2021,IT,67,X,basic,11.23
C100423,2023-03-16,FR,32,Unknown,?,27.35
C100424,2019-01-17,,49,X,,31.68
C100425,2022-04-10,IT,45,,?,34.75
C100426,2022-05-28,IT,39,M,basic,50.01
C100427,2019-06-07,IT,34,,,14.44
C100428,2020-04-21,,76,M,?,49.43
C100429,2021-12-05,??,74,F,?,43.11
C100430,2022-10-28,IT,43,,,35.57
C100431,2020-06-01,IT,42,,basic,43.47
C100432,2019-04-09,DE,27,Unknown,?,27.66
C100433,2023-11-04,DE,62,X,gold,12.61
C100434,2021-11-26,ES,28,M,,41.62
C100435,07/10/2019,DE,70,M,premium,33.86
C100436,2022-10-04,ES,45,Unknown,premium,40.17
C100437,2020-05-11,FR,,Unknown,basic,23.59
C100438,2019-10-29,FR,66,X,gold,54.88
C100439,2019-06-30,IT,64,X,?,37.31
C100440,2020-08-29,??,69,,premium,9.7
C100441,2022-01-27,DE,71,F,basic,29.74
C100442,30/11/2020,ES,77,X,gold,46.6
C100443,19/09/2021,NL,74,Unknown,gold,48.68
C100444,13/02/2022,DE,64,X,basic,32.2
C100445,2019-07-10,NL,48,M,basic,54.21
C100446,2019-09-10,FR,63,F,?,19.72
C100447,2021-09-07,FR,43,,basic,27.58
C100448,2021-07-16,,22,M,?,54.42
C100449,30/03/2022,FR,69,M,?,54.29
C100450,2022-07-03,IT,71,F,,42.71
C100451,08/09/2022,NL,50,,gold,52.24
C100452,08/05/2019,DE,67,Unknown,gold,9.88
C100453,2019-01-18,IT,55,,gold,52.57
C100454,2023-12-22,,44,X,,22.63
C100455,2023-10-25,DE,32,M,?,14.81
C100456,2020-07-19,NL,78,X,?,18.17
C100457,2020-07-23,ES,38,Unknown,basic,27.99
C100458,2022-09-08,IT,63,X,,18.82
C100459,16/11/2020,IT,23,,basic,22.63
C100460,2023-12-21,FR,55,X,,12.42
C100461,2020-09-17,??,79,Unknown,basic,21.29
C100462,04/08/2022,??,79,Unknown,premium,36.48
C100463,2021-05-03,IT,63,Unknown,gold,29.3
C100464,2023-08-14,IT,30,,gold,24.07
C100465,2021-08-19,IT,20,Unknown,?,46.05
C100466,21/07/2023,ES,23,M,premium,54.14
C100467,2019-06-04,IT,25,Unknown,gold,46.62
C100468,2020-05-04,ES,61,X,?,23.26
C100469,2022-11-10,ES,50,X,premium,45.94
C100470,2021-02-23,IT,67,X,gold,13.36
C100471,2022-02-01,ES,28,,basic,12.17
C100472,17/11/2022,DE,45,X,,24.01
C100473,2019-09-03,DE,58,,premium,49.42
C100474,2022-04-14,ES,33,,?,18.55
C100475,2021-11-28,IT,65,Unknown,premium,8.48
C100476,2023-02-09,ES,73,M,?,12.24
C100477,02/09/2023,IT,,Unknown,premium,52.23
C100478,2021-01-28,ES,76,Unknown,?,39.86
C100479,2020-06-21,IT,79,,gold,18.93
C100480,09/07/2021,FR,28,,basic,35.54
C100481,2020-02-12,ES,35,X,gold,34.02
C100482,2020-06-08,IT,36,X,basic,41.05
C100483,2021-04-07,NL,72,Unknown,gold,17.83
C100484,2023-03-10,ES,43,F,gold,52.54
C100485,21/06/2021,DE,23,F,premium,22.02
C100486,05/02/2019,DE,21,X,,43.18
C100487,2020-11-15,DE,46,F,?,5.89
C100488,20/01/2019,IT,76,X,?,25.5
C100489,2019-11-17,FR,34,,?,24.34
C100490,2023-12-05,ES,60,Unknown,basic,34.89
C100491,2020-05-26,ES,51,M,?,9.0
C100492,2020-02-04,DE,25,Unknown,?,48.46
C100493,2020-10-15,ES,30,X,premium,16.98
C100494,29/08/2021,FR,25,X,gold,42.24
C100495,2020-04-15,ES,,Unknown,?,49.18
C100496,2022-03-12,FR,60,X,,35.9
C100497,20/01/2022,NL,56,F,?,45.75
C100498,09/10/2022,DE,76,F,basic,41.4
C100499,2021-04-13,,61,X,basic,24.55
C100500,2023-12-29,ES,26,X,basic,49.49
C100501,2020-12-27,NL,54,F,?,21.21
C100502,2021-05-03,IT,53,X,premium,36.42
C100503,2019-02-20,IT,45,X,,46.0
C100504,2023-08-16,IT,59,Unknown,?,25.84
C100505,2023-09-18,ES,60,M,premium,21.65
C100506,28/07/2020,ES,59,F,premium,30.26
C100507,2022-04-28,ES,72,Unknown,?,49.99
C100508,2022-02-22,ES,65,M,?,56.15
C100509,30/05/2019,DE,39,X,premium,34.98
C100510,2019-11-10,FR,44,X,premium,41.38
C100511,2020-07-23,IT,30,Unknown,premium,54.68
C100512,2022-09-27,ES,62,X,?,10.42
C100513,2019-11-01,IT,27,,premium,17.76
C100514,12/09/2023,IT,26,Unknown,basic,43.99
C100515,2020-11-12,,71,M,?,50.31
C100516,17/04/2021,FR,44,Unknown,basic,52.14
C100517,2023-12-12,FR,51,F,gold,27.83
C100518,2021-12-13,FR,18,Unknown,?,9.91
C100519,2021-09-29,ES,49,X,gold,29.08
C100520,2020-03-19,NL,37,X,premium,17.69
C100521,2020-09-04,FR,52,,premium,21.02
C100522,2021-09-19,IT,34,,,47.47
C100523,21/09/2019,ES,35,,premium,9.15
C100524,2021-12-12,IT,62,M,gold,50.52
C100525,2023-05-15,IT,70,,premium,28.52
C100526,2021-09-30,FR,,M,?,37.78
C100527,02/07/2023,ES,18,,premium,9.93
C100528,2019-01-05,ES,75,M,,23.55
C100529,31/01/2022,DE,43,Unknown,premium,9.93
C100530,2022-05-04,ES,37,Unknown,gold,57.88
C100531,2021-02-12,DE,27,X,gold,49.4
C100532,2021-05-26,ES,76,M,premium,30.28
C100533,2021-09-18,ES,58,F,gold,17.3
C100534,2021-06-02,ES,22,X,gold,56.34
C100535,05/10/2022,IT,,Unknown,,23.95
C100536,2019-02-16,DE,34,M,?,13.85
C100537,2021-05-16,IT,39,,,35.97
C100538,2021-04-02,FR,58,F,basic,56.91
C100539,2021-07-24,FR,28,Unknown,,5.21
C100540,2020-10-17,NL,73,X,premium,18.1
C100541,2019-09-26,DE,68,M,?,56.61
C100542,2020-01-05,ES,38,F,premium,14.41
C100543,2020-09-27,ES,43,M,basic,11.23
C100544,2022-02-03,FR,36,,?,36.36
C100545,2023-08-21,FR,77,X,gold,52.4
C100546,2023-08-10,FR,64,M,,31.24
C100547,18/10/2020,NL,43,Unknown,premium,59.7
C100548,2019-04-30,ES,57,X,basic,42.35
C100549,10/04/2021,FR,22,Unknown,gold,9.07
C100550,2023-12-16,ES,38,M,,59.61
C100551,2023-06-16,IT,21,X,gold,27.43
C100552,2021-12-17,DE,40,Unknown,,20.81
C100553,2022-10-01,ES,32,,?,35.68
C100554,2021-01-10,ES,25,,gold,21.74
C100555,2023-02-06,??,58,M,gold,9.76
C100556,27/04/2019,FR,36,X,gold,5.08
C100557,2021-03-01,FR,63,F,?,29.73
C100558,2022-02-24,FR,45,X,basic,51.03
C100559,17/11/2022,IT,32,,,36.48
C100560,2021-10-09,FR,54,Unknown,gold,59.96
C100561,2023-07-23,ES,18,F,?,20.78
C100562,17/12/2021,IT,41,M,basic,20.43
C100563,2020-09-25,IT,44,F,,13.79
C100564,2020-05-27,ES,57,M,?,14.02
C100565,10/11/2023,NL,,F,,20.69
C100566,12/03/2021,ES,78,M,gold,48.61
C100567,2022-01-24,ES,53,M,basic,54.82
C100568,2023-07-20,DE,41,F,?,58.63
C100569,15/02/2022,,41,F,basic,17.78
C100570,2020-07-13,DE,21,M,gold,53.47
C100571,2023-06-13,FR,51,,basic,23.05
C100572,2020-05-02,DE,74,F,basic,11.21
C100573,2022-06-14,IT,66,X,premium,52.85
C100574,2021-06-15,FR,70,Unknown,basic,39.99
C100575,2022-07-19,DE,40,M,,14.06
C100576,2022-04-27,DE,70,M,?,28.64
C100577,04/12/2020,DE,79,Unknown,premium,20.8
C100578,2023-01-10,ES,58,,?,45.52
C100579,2020-08-03,IT,74,Unknown,?,29.94
C100580,2021-02-28,FR,77,F,gold,59.41
C100581,2021-05-10,ES,71,Unknown,gold,8.01
C100582,04/09/2019,IT,74,M,premium,24.53
C100583,04/01/2022,DE,27,Unknown,gold,31.5
C100584,2019-06-03,FR,57,X,gold,32.67
C100585,07/08/2023,,24,F,gold,22.38
C100586,2022-12-29,ES,55,Unknown,?,45.11
C100587,2021-09-23,FR,78,M,premium,53.11
C100588,2022-01-14,ES,20,F,?,56.63
C100589,2020-11-27,FR,68,M,,49.28
C100590,2022-08-01,ES,64,,?,51.78
C100591,2022-05-28,DE,55,X,,35.28
C100592,2021-12-28,DE,53,,basic,50.42
C100593,06/12/2021,DE,58,X,basic,21.69
C100594,05/10/2021,??,30,Unknown,,26.92
C100595,2019-04-04,IT,75,F,,22.43
C100596,2023-11-09,DE,67,Unknown,?,30.71
C100597,2021-08-15,DE,47,X,,20.71
C100598,08/10/2021,IT,79,X,premium,57.89
C100599,2020-03-28,DE,42,X,basic,22.21
C100600,2022-05-12,FR,44,M,basic,10.39
C100601,2021-06-30,,68,F,,33.97
C100602,2019-08-06,FR,74,Unknown,gold,8.14
C100603,18/04/2020,IT,64,Unknown,gold,11.08
C100604,2020-03-07,,56,,,17.07
C100605,07/12/2019,FR,33,X,premium,30.54
C100606,2020-07-04,DE,39,X,gold,28.83
C100607,2023-06-24,FR,71,X,,48.98
C100608,05/08/2022,NL,38,Unknown,premium,45.67
C100609,01/07/2022,NL,33,,premium,28.45
C100610,2023-10-24,IT,76,M,?,23.35
C100611,23/12/2019,DE,48,F,premium,22.41
C100612,2019-01-23,IT,59,M,gold,47.57
C100613,2023-11-21,??,49,Unknown,gold,7.86
C100614,05/06/2020,IT,76,X,,5.71
C100615,17/11/2023,??,51,F,,48.75
C100616,2022-01-28,NL,26,Unknown,premium,31.24
C100617,2021-03-12,IT,28,Unknown,basic,12.2
C100618,18/04/2022,ES,27,Unknown,?,17.96
C100619,2022-05-31,FR,34,F,basic,56.29
C100620,31/01/2021,DE,65,F,premium,52.27
C100621,2023-08-10,IT,69,,premium,44.04
C100622,2020-03-17,FR,42,,basic,31.52
C100623,2023-06-20,NL,38,M,?,33.62
C100624,2021-02-07,,,F,basic,58.64
C100625,2021-10-12,IT,,F,,58.12
C100626,10/09/2022,DE,68,F,gold,16.84
C100627,30/05/2020,FR,53,,,49.61
C100628,2021-11-05,DE,32,Unknown,gold,15.85
C100629,2021-03-02,IT,56,X,premium,16.74
C100630,02/12/2019,IT,18,,?,42.19
C100631,2023-11-18,??,40,F,basic,27.28
C100632,2019-09-15,ES,56,,?,56.23
C100633,2020-05-11,??,74,M,basic,9.9
C100634,14/06/2021,NL,51,F,,33.13
C100635,2019-06-09,FR,58,M,,55.52
C100636,2023-02-07,NL,30,F,basic,54.73
C100637,01/05/2021,FR,23,,?,13.61
C100638,2023-08-15,FR,69,Unknown,basic,25.17
C100639,20/11/2020,IT,20,X,premium,39.05
C100640,2023-08-26,FR,,M,,13.77
C100641,2020-01-15,IT,66,,premium,58.24
C100642,18/04/2023,IT,64,Unknown,,55.31
C100643,2021-08-14,ES,72,,,14.18
C100644,2020-11-21,FR,,M,gold,11.66
C100645,21/12/2022,ES,,X,premium,9.7
C100646,25/06/2023,ES,32,,premium,55.02
C100647,2022-07-15,ES,49,F,gold,15.65
C100648,20/05/2023,ES,35,Unknown,?,27.9
C100649,2022-12-11,DE,60,,premium,29.69
C100650,06/04/2022,ES,52,Unknown,basic,37.95
C100651,02/12/2021,DE,75,F,gold,8.95
C100652,2023-04-29,IT,50,X,premium,17.47
C100653,2019-10-12,IT,31,X,?,56.23
C100654,2020-02-01,ES,51,F,premium,54.96
C100655,2019-01-12,ES,78,Unknown,,47.97
C100656,2023-06-19,,21,,basic,6.07
C100657,18/08/2022,NL,76,F,gold,22.99
C100658,30/06/2022,??,46,M,,39.54
C100659,2020-05-13,NL,23,Unknown,?,20.14
C100660,23/01/2021,DE,66,X,,55.03
C100661,2019-02-04,DE,57,F,,39.86
C100662,27/12/2020,ES,,X,?,8.95
C100663,28/04/2021,FR,44,Unknown,,55.0
C100664,2019-03-31,ES,23,X,gold,57.68
C100665,14/02/2021,FR,30,F,premium,9.27
C100666,2020-08-27,ES,,Unknown,,34.28
C100667,2021-08-27,IT,79,M,gold,21.69
C100668,2023-06-14,IT,36,F,premium,26.61
C100669,18/10/2021,ES,60,,premium,14.88
C100670,2020-02-22,NL,37,F,,36.79
C100671,2019-04-25,ES,61,Unknown,gold,57.69
C100672,2020-09-08,NL,40,F,,32.67
C100673,04/05/2022,DE,19,M,?,9.56
C100674,2021-04-05,,39,M,premium,39.1
C100675,2023-03-05,IT,74,,,23.71
C100676,2023-07-08,FR,24,X,premium,52.08
C100677,25/02/2023,DE,73,Unknown,gold,28.91
C100678,2022-01-03,ES,33,Unknown,basic,15.61
C100679,2020-02-17,DE,68,X,,15.51
C100680,2022-10-31,DE,29,M,,47.28
C100681,2022-12-14,IT,70,M,premium,19.61
C100682,2020-12-29,ES,22,F,gold,47.2
C100683,24/07/2022,IT,44,,?,16.32
C100684,2021-10-17,??,29,,gold,22.69
C100685,2021-01-30,ES,34,,,30.6
C100686,2020-11-06,ES,23,F,?,56.88
C100687,2022-11-18,DE,22,,gold,56.25
C100688,2020-04-01,IT,74,X,basic,16.38
C100689,2021-07-08,FR,45,F,premium,24.7
C100690,2019-07-11,,76,X,gold,13.22
C100691,2021-01-08,NL,50,F,gold,33.05
C100692,2023-09-09,ES,79,,basic,30.33
C100693,2022-01-27,DE,67,X,,54.54
C100694,21/04/2023,NL,36,X,premium,56.15
C100695,2021-09-04,IT,64,X,gold,26.1
C100696,2021-10-05,DE,56,F,?,32.05
C100697,2019-04-06,FR,50,Unknown,gold,54.29
C100698,2023-08-15,IT,30,,premium,49.37
C100699,2020-10-24,DE,71,X,gold,5.2
C100700,2022-04-28,??,24,Unknown,basic,22.6
C100701,2023-10-26,ES,31,,gold,28.2
C100702,06/02/2019,DE,36,,gold,17.63
C100703,2023-12-09,NL,71,X,?,15.98
C100704,24/10/2022,FR,37,X,basic,7.08
C100705,15/09/2023,ES,46,F,basic,40.39
C100706,2023-03-29,DE,41,Unknown,gold,19.44
C100707,2019-10-06,DE,,Unknown,?,7.88
C100708,2019-08-05,IT,74,X,gold,17.7
C100709,2021-05-16,ES,25,,gold,49.11
C100710,2021-05-22,ES,79,X,premium,51.83
C100711,2023-12-27,IT,46,,premium,31.57
C100712,2022-07-20,IT,34,,?,27.88
C100713,2019-03-03,DE,23,X,,58.78
C100714,2020-08-18,FR,75,M,premium,16.03
C100715,29/12/2020,??,45,Unknown,,16.84
C100716,2022-09-27,IT,79,,basic,21.05
C100717,2020-02-01,ES,58,,premium,14.5
C100718,29/11/2020,FR,58,M,premium,25.87
C100719,08/11/2021,FR,66,F,?,55.1
C100720,2019-06-26,IT,66,M,,38.84
C100721,2023-06-24,NL,20,M,premium,27.66
C100722,2020-01-31,IT,27,,premium,56.39
C100723,20/03/2020,NL,52,Unknown,?,7.67
C100724,10/06/2022,IT,19,M,?,16.57
C100725,2019-03-17,DE,41,F,,36.12
C100726,22/09/2019,ES,55,X,basic,38.86
C100727,30/03/2020,DE,39,M,basic,7.18
C100728,2023-12-25,FR,43,M,gold,27.17
C100729,2020-12-18,NL,60,F,premium,40.7
C100730,2021-01-04,ES,72,Unknown,,43.39
C100731,08/11/2022,ES,56,M,premium,40.1
C100732,2023-05-07,DE,46,M,,22.63
C100733,2021-04-30,FR,37,Unknown,,10.14
C100734,2023-03-10,FR,58,F,,28.49
C100735,2022-10-22,FR,71,M,premium,12.08
C100736,2019-05-24,IT,37,Unknown,?,57.12
C100737,2021-06-03,FR,36,M,premium,31.13
C100738,28/12/2021,IT,47,X,,22.45
C100739,27/01/2022,DE,70,,gold,47.15
C100740,2020-01-31,DE,51,X,basic,32.39
C100741,2021-11-14,FR,39,M,,22.05
C100742,2021-08-05,ES,23,F,gold,49.66
C100743,2021-06-09,IT,44,,?,52.69
C100744,01/02/2023,ES,27,X,,42.02
C100745,2023-02-16,ES,65,Unknown,gold,7.58
C100746,2023-05-08,IT,76,F,,36.15
C100747,2022-03-20,DE,76,X,premium,46.98
C100748,2022-03-13,FR,19,Unknown,gold,12.51
C100749,2020-07-22,NL,46,M,premium,17.58
C100750,2021-11-28,IT,,Unknown,premium,53.54
C100751,2019-04-19,FR,43,X,gold,6.11
C100752,2023-09-13,??,27,X,basic,46.4
C100753,2021-12-01,IT,70,M,gold,31.06
C100754,24/04/2022,FR,76,Unknown,basic,29.57
C100755,2021-07-23,IT,39,Unknown,,5.39
C100756,2020-02-02,ES,68,M,,50.07
C100757,31/05/2022,ES,65,Unknown,gold,24.79
C100758,2020-09-25,FR,38,M,,34.74
C100759,2022-03-02,FR,39,F,?,42.25
C100760,2022-04-01,IT,47,X,premium,43.64
C100761,2022-05-23,ES,42,F,premium,57.58
C100762,2021-01-02,NL,45,,basic,34.22
C100763,2019-08-23,IT,,,,26.98
C100764,2020-10-19,DE,62,,basic,57.45
C100765,2021-01-20,IT,24,M,premium,40.32
C100766,2020-08-10,FR,66,Unknown,premium,21.4
C100767,2021-10-29,ES,26,F,,11.96
C100768,02/01/2022,IT,53,F,?,51.34
C100769,2021-08-11,FR,18,F,?,24.92
C100770,2020-05-06,ES,27,F,,41.33
C100771,01/07/2021,DE,53,,,30.89
C100772,2022-06-30,DE,63,F,basic,15.94
C100773,07/06/2022,FR,49,Unknown,,38.09
C100774,23/03/2023,FR,49,,?,8.34
C100775,2022-04-12,,23,F,,27.73
C100776,04/08/2023,ES,65,M,basic,35.06
C100777,06/04/2022,FR,55,X,basic,28.98
C100778,2019-06-19,ES,34,X,basic,46.18
C100779,2022-11-17,DE,44,X,basic,50.54
C100780,03/08/2021,,71,,gold,47.42
C100781,2021-03-05,IT,67,F,,7.13
C100782,2020-09-25,IT,52,,premium,15.68
C100783,2022-05-02,DE,42,Unknown,,34.51
C100784,2023-03-21,ES,45,M,gold,56.42
C100785,29/01/2019,ES,32,M,basic,50.92
C100786,2022-04-03,NL,21,X,gold,51.34
C100787,2022-12-16,DE,44,X,?,21.68
C100788,2019-12-05,FR,43,X,?,28.62
C100789,30/07/2023,,36,F,,30.89
C100790,28/02/2023,ES,34,Unknown,,13.66
C100791,2022-10-20,FR,60,Unknown,premium,6.71
C100792,27/09/2022,DE,58,Unknown,premium,57.08
C100793,2020-05-14,,59,Unknown,?,18.24
C100794,2023-08-08,DE,67,X,basic,18.2
C100795,2020-05-25,IT,57,M,gold,9.59
C100796,2022-09-12,IT,56,X,premium,56.07
C100797,2019-08-05,FR,40,Unknown,premium,36.89
C100798,17/08/2022,IT,69,X,basic,41.69
C100799,01/03/2022,DE,64,Unknown,basic,55.14
C100800,29/12/2021,FR,,,,24.01
C100801,2022-06-29,IT,60,M,gold,39.18
C100802,09/12/2022,NL,65,,basic,7.13
C100803,2023-12-16,IT,51,F,premium,15.27
C100804,20/03/2020,ES,57,X,premium,50.72
C100805,25/05/2021,DE,78,F,?,47.17
C100806,2022-04-20,DE,67,X,basic,24.29
C100807,2019-06-16,DE,79,,,25.72
C100808,2019-04-01,FR,75,Unknown,gold,34.35
C100809,2020-12-14,FR,50,Unknown,,5.01
C100810,2023-04-04,FR,33,X,premium,18.27
C100811,2019-02-08,FR,65,Unknown,,16.45
C100812,2022-02-23,FR,27,,premium,18.78
C100813,14/01/2023,ES,55,Unknown,premium,49.32
C100814,2019-06-22,NL,36,,premium,20.38
C100815,2020-10-14,FR,53,F,premium,15.53
C100816,23/01/2021,??,76,,premium,32.73
C100817,28/05/2022,NL,,M,?,52.61
C100818,2023-07-20,DE,63,M,,18.27
C100819,2021-12-17,IT,20,M,?,9.32
C100820,2023-08-11,ES,,X,?,24.6
C100821,20/04/2020,ES,25,X,basic,46.12
C100822,31/03/2020,FR,68,X,basic,35.29
C100823,08/04/2021,ES,23,,basic,49.92
C100824,2021-06-13,FR,56,X,gold,57.78
C100825,2022-10-16,ES,77,F,basic,48.6
C100826,2021-10-21,IT,45,M,,38.21
C100827,22/01/2020,IT,71,,?,32.13
C100828,14/12/2019,ES,54,M,,7.2
C100829,2019-07-09,IT,26,X,basic,59.14
C100830,2020-05-19,DE,73,,gold,26.09
C100831,29/04/2022,FR,76,Unknown,gold,13.37
C100832,2023-03-12,NL,19,F,?,41.67
C100833,2022-10-24,FR,78,X,,20.64
C100834,2022-12-03,DE,75,X,premium,37.22
C100835,2021-04-03,DE,77,F,,37.27
C100836,2021-07-17,FR,57,F,basic,29.52
C100837,2021-07-22,,53,Unknown,premium,50.99
C100838,2022-02-14,ES,54,X,gold,19.57
C100839,14/05/2019,??,35,X,?,29.67
C100840,27/02/2019,ES,,M,?,34.57
C100841,2023-04-29,ES,39,,gold,41.5
C100842,15/11/2020,FR,28,,basic,48.12
C100843,2020-11-02,IT,75,M,gold,26.71
C100844,22/06/2019,DE,74,,basic,40.53
C100845,25/03/2021,NL,21,F,premium,13.28
C100846,2022-03-18,NL,24,,gold,56.3
C100847,2019-03-21,FR,78,,basic,26.07
C100848,04/06/2021,,71,M,premium,45.12
C100849,2022-05-21,NL,18,Unknown,gold,6.12
C100850,2019-07-22,IT,72,,?,16.29
C100851,2021-02-02,DE,20,,gold,31.79
C100852,2022-06-06,ES,55,Unknown,,53.3
C100853,2023-08-27,ES,18,M,gold,34.0
C100854,2022-06-04,FR,55,Unknown,,56.14
C100855,10/08/2023,DE,46,M,premium,31.61
C100856,05/04/2023,IT,22,F,gold,31.97
C100857,04/01/2023,DE,38,M,premium,11.59
C100858,26/11/2022,ES,64,F,premium,49.15
C100859,16/02/2019,??,52,F,basic,18.58
C100860,2022-06-10,NL,18,M,premium,54.48
C100861,2022-08-21,FR,29,X,premium,55.1
C100862,2023-03-30,NL,77,M,gold,56.88
C100863,2022-03-12,DE,44,,gold,33.61
C100864,09/12/2022,DE,73,,?,42.24
C100865,17/03/2023,IT,40,X,basic,47.82
C100866,2022-10-28,FR,42,F,premium,12.21
C100867,2023-05-09,FR,38,X,basic,38.05
C100868,2022-07-06,ES,78,,,6.89
C100869,2020-10-17,DE,,X,premium,32.37
C100870,2020-04-15,FR,69,M,basic,13.52
C100871,2021-08-28,ES,42,X,?,15.06
C100872,2021-11-01,IT,72,F,?,25.08
C100873,2022-09-15,IT,63,M,premium,28.78
C100874,05/01/2021,FR,49,Unknown,,39.27
C100875,2021-02-22,ES,72,,?,9.09
C100876,25/08/2021,DE,22,,?,32.7
C100877,2019-12-24,DE,53,X,,15.04
C100878,29/08/2021,IT,66,M,basic,36.57
C100879,2022-12-02,FR,75,Unknown,?,40.06
C100880,2020-10-29,DE,56,M,gold,35.62
C100881,2020-01-08,IT,78,,?,45.61
C100882,28/10/2021,IT,26,M,basic,23.46
C100883,2022-02-19,IT,23,Unknown,basic,47.08
C100884,2022-10-03,FR,52,X,premium,28.8
C100885,06/11/2020,FR,56,F,gold,31.63
C100886,2019-03-31,FR,39,M,basic,40.65
C100887,2023-07-30,DE,58,F,,6.01
C100888,2020-11-28,IT,22,,gold,40.97
C100889,2022-09-01,NL,59,X,gold,39.02
C100890,2022-04-16,IT,47,X,,22.04
C100891,23/06/2020,IT,74,M,?,9.72
C100892,01/01/2021,ES,46,X,,10.0
C100893,18/05/2021,IT,54,M,,55.78
C100894,2019-02-10,FR,30,M,?,42.91
C100895,2021-01-09,ES,49,F,?,11.99
C100896,24/09/2023,ES,63,X,?,24.62
C100897,2020-05-16,DE,40,M,?,37.59
C100898,2021-08-16,FR,62,F,?,50.96
C100899,2022-03-14,,34,Unknown,,7.4
C100900,2022-05-09,FR,23,F,premium,18.01
C100901,2021-07-17,DE,35,F,premium,53.94
C100902,2023-10-14,ES,39,M,basic,5.5
C100903,2020-04-05,IT,50,,premium,16.08
C100904,2021-01-01,ES,47,,premium,57.75
C100905,21/01/2021,IT,49,,,38.74
C100906,13/07/2021,DE,59,F,?,19.39
C100907,2021-06-27,IT,27,M,?,8.68
C100908,01/05/2023,FR,53,X,,6.55
C100909,2023-04-20,NL,51,F,premium,18.46
C100910,30/06/2022,IT,45,F,,53.48
C100911,2020-01-25,DE,28,M,basic,27.88
C100912,2023-06-06,DE,56,Unknown,?,44.62
C100913,01/06/2021,DE,64,F,gold,55.51
C100914,2019-09-13,FR,36,Unknown,basic,27.44
C100915,2020-12-09,FR,32,Unknown,basic,15.52
C100916,2020-03-25,IT,45,,,33.44
C100917,2019-01-10,ES,41,M,premium,54.94
C100918,2021-04-03,FR,26,Unknown,?,49.24
C100919,2021-03-08,DE,64,M,gold,8.62
C100920,2022-06-19,DE,50,,basic,43.09
C100921,2022-06-28,NL,79,M,gold,36.45
C100922,2021-05-26,FR,36,F,premium,54.91
C100923,2021-10-25,IT,57,Unknown,premium,11.74
C100924,16/02/2022,NL,64,M,gold,34.37
C100925,2021-10-12,IT,,X,?,53.37
C100926,2023-12-30,NL,46,M,premium,27.55
C100927,2020-01-09,FR,67,Unknown,gold,31.51
C100928,2021-12-24,,30,,basic,8.88
C100929,2019-05-26,DE,18,,gold,20.3
C100930,2019-08-12,DE,51,Unknown,gold,22.85
C100931,16/06/2022,IT,65,F,,56.98
C100932,2019-06-26,??,65,F,premium,20.55
C100933,08/12/2023,NL,66,,?,30.35
C100934,02/05/2021,DE,,,?,41.92
C100935,2022-07-29,FR,78,Unknown,,13.92
C100936,2019-03-04,??,46,F,?,31.75
C100937,25/05/2022,FR,56,,gold,45.62
C100938,2021-04-06,IT,43,F,,52.68
C100939,05/03/2021,NL,34,,basic,39.44
C100940,2020-11-19,ES,30,M,premium,41.8
C100941,24/01/2023,FR,43,X,premium,11.95
C100942,2023-06-22,ES,66,M,premium,57.02
C100943,2019-04-15,FR,24,,gold,12.29
C100944,27/01/2022,NL,75,X,basic,47.61
C100945,25/05/2020,ES,66,X,,19.56
C100946,2020-01-20,NL,70,,,56.35
C100947,2020-02-09,DE,,,premium,44.6
C100948,2021-04-02,,79,F,basic,46.46
C100949,2020-06-01,ES,34,,basic,17.05
C100950,20/04/2020,DE,60,Unknown,basic,29.37
C100951,2020-12-09,DE,42,,?,38.98
C100952,27/07/2023,IT,20,Unknown,?,47.35
C100953,09/02/2021,IT,46,,premium,10.72
C100954,2022-12-31,NL,49,F,basic,57.93
C100955,2021-11-12,DE,43,Unknown,basic,53.96
C100956,2021-09-23,DE,33,M,,19.87
C100957,08/05/2023,ES,42,Unknown,,50.25
C100958,07/11/2020,FR,71,F,premium,33.51
C100959,14/12/2020,ES,45,Unknown,basic,30.4
C100960,2023-01-21,,73,,premium,22.29
C100961,24/03/2019,,,,,36.95
C100962,2022-03-14,??,58,F,,45.14
C100963,2022-01-13,IT,68,X,?,27.6
C100964,2022-01-06,FR,46,,premium,39.61
C100965,2020-04-01,ES,36,M,premium,43.46
C100966,2019-01-01,ES,58,F,basic,44.11
C100967,2019-02-20,NL,62,Unknown,basic,7.86
C100968,15/11/2020,DE,32,Unknown,?,52.29
C100969,2020-12-17,ES,20,M,gold,30.2
C100970,2023-12-01,DE,28,,gold,19.43
C100971,2023-01-09,ES,70,F,gold,18.3
C100972,2020-03-24,NL,63,M,premium,31.57
C100973,2021-05-30,IT,47,,premium,53.78
C100974,02/05/2020,FR,74,F,,25.81
C100975,2023-12-29,,35,Unknown,premium,46.23
C100976,2019-02-03,IT,68,F,premium,10.33
C100977,03/10/2022,DE,65,X,premium,31.18
C100978,2019-04-05,FR,25,F,?,59.54
C100979,31/12/2021,FR,39,X,premium,47.37
C100980,2023-04-24,DE,23,F,basic,16.58
C100981,2019-06-03,,74,X,basic,32.58
C100982,07/09/2019,ES,53,Unknown,,17.85
C100983,04/11/2020,NL,74,,?,27.53
C100984,2020-03-13,FR,66,X,basic,47.9
C100985,2019-04-28,DE,62,X,?,47.42
C100986,2021-02-09,ES,62,Unknown,?,17.55
C100987,22/08/2022,DE,37,X,,55.72
C100988,2019-09-25,ES,,M,?,37.59
C100989,2021-12-13,??,20,Unknown,premium,25.9
C100990,24/08/2019,ES,71,M,?,32.61
C100991,24/01/2020,IT,,Unknown,,38.28
C100992,2021-09-16,DE,57,X,,35.79
C100993,2023-10-24,DE,76,M,,31.75
C100994,2021-02-01,DE,72,X,basic,32.77
C100995,2020-02-05,ES,79,Unknown,premium,14.7
C100996,2020-09-15,DE,21,X,basic,49.7
C100997,2021-02-05,FR,77,M,gold,34.8
C100998,2022-08-19,ES,47,M,premium,12.21
C100999,2021-07-07,FR,19,X,?,47.14
C101000,2022-05-15,DE,79,F,,56.28
C101001,2022-06-06,FR,66,Unknown,gold,57.1
C101002,2021-05-02,??,26,Unknown,premium,25.3
C101003,2020-07-31,IT,48,X,basic,12.45
C101004,2019-03-16,ES,78,F,,33.51
C101005,10/03/2020,DE,65,M,basic,11.19
C101006,2019-04-13,,42,,premium,56.37
C101007,2022-12-16,IT,53,,premium,15.1
C101008,2023-09-24,FR,25,X,gold,18.9
C101009,2021-02-02,NL,75,F,?,27.37
C101010,2021-01-07,FR,62,F,basic,26.07
C101011,2021-03-16,ES,79,Unknown,gold,48.71
C101012,22/08/2022,IT,56,M,,30.1
C101013,2019-04-08,FR,75,F,?,14.39
C101014,2021-03-08,,,,gold,19.7
C101015,2022-09-20,IT,61,M,basic,33.0
C101016,08/05/2021,ES,46,M,premium,13.11
C101017,2020-03-10,DE,76,X,,38.64
C101018,2020-03-22,DE,26,F,basic,36.12
C101019,2022-08-24,FR,23,X,?,44.31
C101020,06/09/2019,IT,46,F,?,56.57
C101021,2019-06-15,FR,75,Unknown,premium,55.17
C101022,2023-02-13,ES,34,X,premium,57.03
C101023,2021-09-10,IT,33,X,,18.46
C101024,2022-09-20,DE,20,,,12.24
C101025,2021-10-16,IT,38,X,premium,21.63
C101026,2020-06-25,DE,,F,premium,54.23
C101027,2021-01-28,,53,,?,58.46
C101028,03/02/2022,ES,79,X,premium,52.26
C101029,06/05/2023,DE,59,X,gold,11.05
C101030,2019-03-22,FR,59,Unknown,basic,57.11
C101031,2019-05-13,ES,78,X,premium,28.28
C101032,07/03/2021,IT,30,M,,5.51
C101033,2021-06-18,IT,28,,gold,29.33
C101034,2019-05-18,IT,71,M,,7.53
C101035,03/07/2019,DE,33,,gold,34.91
C101036,25/11/2022,DE,25,Unknown,premium,23.62
C101037,2022-09-15,DE,76,X,basic,31.04
C101038,2021-02-23,ES,74,X,,38.72
C101039,2023-03-12,NL,57,X,gold,52.78
C101040,2021-09-10,ES,76,,?,41.4
C101041,2019-03-10,DE,19,X,premium,28.87
C101042,29/06/2020,ES,27,M,basic,50.07
C101043,2023-12-03,NL,61,X,premium,54.81
C101044,22/02/2019,IT,28,Unknown,?,11.59
C101045,13/01/2023,NL,19,M,basic,34.26
C101046,24/07/2019,FR,67,X,?,20.65
C101047,06/05/2019,DE,29,X,premium,7.59
C101048,2023-11-06,NL,40,F,gold,41.77
C101049,12/02/2019,IT,35,,premium,52.45
C101050,2023-11-11,FR,79,M,premium,13.96
C101051,21/04/2019,IT,79,F,premium,49.68
C101052,2021-01-30,NL,55,Unknown,,51.94
C101053,2023-08-14,IT,55,,?,55.29
C101054,2022-04-21,IT,78,M,?,19.59
C101055,2021-04-27,FR,18,X,?,54.72
C101056,05/04/2019,ES,62,M,,22.64
C101057,2022-10-29,ES,45,X,gold,35.38
C101058,2023-03-24,NL,38,,premium,7.78
C101059,2021-06-18,NL,30,X,gold,7.41
C101060,26/12/2019,NL,44,Unknown,,44.62
C101061,18/06/2021,DE,24,X,?,29.45
C101062,16/09/2023,IT,39,Unknown,premium,19.1
C101063,2019-10-08,IT,70,,basic,15.47
C101064,03/05/2022,IT,21,,basic,41.85
C101065,03/05/2022,IT,40,M,gold,5.02
C101066,2020-10-28,NL,50,Unknown,?,49.32
C101067,2019-04-03,ES,45,Unknown,basic,9.36
C101068,2020-11-02,ES,25,F,gold,15.53
C101069,2019-03-02,DE,18,F,,26.24
C101070,25/09/2020,FR,54,F,gold,31.67
C101071,2021-12-10,IT,,X,gold,24.52
C101072,27/11/2022,IT,39,F,gold,22.64
C101073,18/12/2023,FR,38,Unknown,premium,58.02
C101074,2021-10-25,DE,52,X,gold,40.29
C101075,2023-01-29,IT,22,,gold,6.29
C101076,2020-08-26,DE,77,M,premium,28.66
C101077,2020-11-12,DE,63,F,premium,53.13
C101078,2020-06-17,DE,67,,,21.58
C101079,2022-11-29,DE,65,Unknown,?,10.2
C101080,17/04/2021,DE,23,M,basic,46.71
C101081,17/03/2023,FR,73,,basic,38.33
C101082,06/10/2020,ES,76,M,gold,36.37
C101083,2019-08-21,NL,46,F,,7.95
C101084,2020-06-07,ES,35,Unknown,gold,12.73
C101085,12/12/2019,IT,19,M,basic,39.24
C101086,2021-12-05,DE,25,,premium,16.43
C101087,2020-06-29,FR,71,F,?,32.72
C101088,2022-01-06,IT,55,F,,34.97
C101089,2023-10-20,DE,65,,premium,20.59
C101090,2022-01-01,ES,44,,?,57.16
C101091,2021-03-04,ES,37,M,,51.34
C101092,06/09/2019,IT,29,X,,44.73
C101093,2019-02-16,DE,60,F,basic,9.29
C101094,18/02/2022,FR,78,M,premium,10.84
C101095,02/08/2019,IT,48,,,32.1
C101096,2019-08-27,DE,78,M,,13.84
C101097,2021-12-15,IT,52,,?,58.8
C101098,2019-12-16,IT,32,Unknown,basic,13.72
C101099,2019-04-17,,33,,gold,31.81
C101100,2021-04-10,FR,30,,basic,25.03
C101101,2019-02-17,NL,52,,gold,40.17
C101102,2023-05-16,ES,76,X,premium,12.1
C101103,2019-12-03,FR,38,,premium,28.67
C101104,2021-11-15,DE,71,F,,20.11
C101105,2021-03-14,IT,47,F,premium,53.83
C101106,04/07/2022,FR,65,M,,7.23
C101107,2019-01-08,FR,52,X,basic,55.26
C101108,16/09/2020,DE,55,M,premium,50.81
C101109,2022-06-30,NL,48,F,basic,21.37
C101110,2023-09-12,IT,41,F,basic,48.41
C101111,2020-12-19,IT,66,Unknown,premium,6.72
C101112,2019-10-30,FR,49,,basic,58.18
C101113,2020-09-30,DE,72,F,premium,33.96
C101114,2019-02-25,IT,75,M,premium,21.68
C101115,26/12/2020,ES,20,M,premium,24.94
C101116,2020-06-09,DE,27,,gold,8.65
C101117,18/04/2020,IT,42,,basic,59.41
C101118,2019-01-28,,78,Unknown,?,7.16
C101119,2019-03-19,IT,46,X,premium,41.02
C101120,2022-05-24,IT,36,M,basic,29.35
C101121,2022-11-10,,60,,,57.19
C101122,2019-12-31,FR,78,M,premium,18.53
C101123,27/10/2020,ES,60,,premium,34.26
C101124,2020-06-09,,42,F,?,31.53
C101125,2020-11-29,DE,37,M,gold,43.66
C101126,2022-08-28,IT,65,F,gold,8.74
C101127,2021-06-01,ES,41,M,premium,15.66
C101128,2021-10-27,ES,28,X,basic,16.8
C101129,23/10/2021,IT,72,Unknown,,45.6
C101130,2023-07-05,??,45,F,,15.4
C101131,2021-07-07,IT,,,basic,36.54
C101132,2021-01-19,DE,76,X,premium,16.84
C101133,2019-12-29,NL,22,M,,52.39
C101134,2023-11-10,FR,68,F,gold,56.82
C101135,12/03/2023,FR,38,M,basic,33.52
C101136,2022-07-21,ES,29,M,?,24.38
C101137,10/03/2023,ES,67,M,premium,17.87
C101138,2021-03-16,ES,21,Unknown,basic,7.74
C101139,08/01/2021,??,59,Unknown,,19.77
C101140,2021-11-04,IT,55,,premium,40.98
C101141,2022-04-30,IT,42,F,gold,34.35
C101142,2023-07-13,DE,31,X,premium,56.92
C101143,2020-04-29,??,49,X,premium,26.8
C101144,2019-01-28,??,28,X,gold,43.16
C101145,2020-12-14,IT,78,M,gold,31.91
C101146,2021-11-28,DE,35,Unknown,premium,33.19
C101147,2022-07-20,DE,44,F,gold,19.73
C101148,2022-06-08,FR,72,M,basic,30.02
C101149,2019-03-27,DE,71,Unknown,gold,30.89
C101150,2023-02-06,FR,38,Unknown,gold,43.87
C101151,2019-05-06,??,61,F,premium,56.74
C101152,22/03/2021,ES,22,F,basic,23.11
C101153,2020-06-20,DE,58,F,?,7.32
C101154,25/05/2019,FR,76,M,?,32.3
C101155,29/03/2023,DE,71,,,34.95
C101156,2022-05-20,DE,39,F,gold,14.26
C101157,25/01/2019,FR,,,gold,46.83
C101158,2023-05-23,FR,,M,basic,59.17
C101159,18/11/2022,IT,21,,?,57.02
C101160,2019-03-08,,,X,,15.84
C101161,21/08/2019,FR,32,,basic,53.14
C101162,19/04/2019,ES,39,F,gold,43.75
C101163,2022-03-15,NL,64,M,?,29.96
C101164,2019-04-21,FR,63,F,,34.73
C101165,16/08/2019,DE,31,X,premium,51.73
C101166,2019-04-21,NL,67,F,?,31.41
C101167,2023-02-02,DE,37,F,,25.53
C101168,2019-02-03,IT,67,F,basic,32.13
C101169,14/09/2020,ES,50,Unknown,premium,36.85
C101170,05/12/2023,FR,76,X,,15.4
C101171,2022-10-24,FR,60,F,,54.55
C101172,2021-01-17,IT,29,F,gold,42.08
C101173,2020-08-17,DE,57,F,?,39.83
C101174,27/04/2023,FR,37,M,gold,10.47
C101175,2020-02-29,IT,55,Unknown,premium,38.23
C101176,2020-09-04,ES,20,M,,11.65
C101177,22/03/2023,DE,45,Unknown,gold,9.33
C101178,22/11/2020,NL,73,F,?,34.0
C101179,2022-07-29,FR,30,X,premium,27.15
C101180,2022-09-05,NL,54,,basic,37.38
C101181,2023-10-28,IT,66,,gold,9.91
C101182,2023-01-06,IT,53,F,premium,28.7
C101183,2019-11-11,ES,71,M,basic,14.61
C101184,26/05/2021,,43,X,gold,59.29
C101185,2023-10-31,DE,57,Unknown,premium,35.86
C101186,2022-11-01,IT,60,F,premium,42.81
C101187,05/08/2022,DE,39,X,gold,22.9
C101188,2022-12-31,FR,37,X,premium,10.21
C101189,23/10/2020,FR,25,Unknown,,58.67
C101190,2019-10-04,??,46,X,gold,20.74
C101191,30/09/2023,,57,M,premium,28.31
C101192,2023-05-25,DE,47,M,basic,40.74
C101193,07/03/2023,DE,72,M,basic,6.36
C101194,2020-09-15,IT,33,X,,49.56
C101195,2020-05-30,ES,63,M,gold,34.51
C101196,2022-10-05,DE,79,Unknown,premium,20.3
C101197,2021-04-22,IT,24,X,premium,8.39
C101198,09/01/2023,ES,62,,basic,13.94
C101199,2019-12-16,,76,X,,54.23
C101200,19/06/2023,FR,73,Unknown,basic,42.73
C101201,2023-08-15,ES,65,,basic,18.74
C101202,2021-04-02,ES,44,X,,8.61
C101203,06/03/2022,IT,70,M,gold,42.98
C101204,2021-01-28,ES,52,F,premium,36.48
C101205,2021-06-17,IT,68,F,gold,27.25
C101206,2019-08-31,FR,54,M,?,25.0
C101207,26/06/2020,NL,74,F,?,16.92
C101208,2021-11-29,ES,25,F,?,41.83
C101209,2019-08-17,DE,37,M,,58.39
C101210,01/07/2020,IT,70,M,basic,14.66
C101211,2021-07-08,FR,29,X,gold,37.84
C101212,2022-05-31,DE,66,X,premium,28.33
C101213,06/01/2019,NL,34,M,?,29.57
C101214,2022-09-07,ES,,Unknown,gold,18.98
C101215,12/04/2020,IT,59,F,?,50.38
C101216,2023-10-22,FR,46,X,?,31.69
C101217,2019-03-16,IT,36,F,premium,34.89
C101218,2019-01-04,DE,28,,,21.76
C101219,2020-10-07,FR,67,M,basic,15.0
C101220,2019-04-28,,75,Unknown,,9.73
C101221,2021-05-30,IT,51,,gold,44.28
C101222,18/06/2023,ES,37,,,15.79
C101223,2020-05-18,FR,67,,gold,42.95
C101224,2021-08-04,NL,27,M,gold,26.47
C101225,2020-07-27,ES,49,X,basic,27.87
C101226,2023-01-04,IT,69,M,premium,30.8
C101227,2019-07-13,IT,32,X,basic,25.22
C101228,2021-04-26,DE,20,,,10.53
C101229,2020-12-15,DE,54,,gold,22.03
C101230,2022-11-16,IT,57,Unknown,?,41.51
C101231,2021-11-15,DE,57,X,?,41.62
C101232,2022-12-29,FR,73,,gold,20.74
C101233,2019-06-22,??,40,F,basic,30.31
C101234,2022-08-16,ES,28,Unknown,premium,15.64
C101235,27/07/2023,IT,,M,basic,16.57
C101236,2019-11-22,ES,25,Unknown,gold,6.27
C101237,04/12/2022,ES,73,F,gold,54.32
C101238,2022-02-15,DE,77,X,premium,16.59
C101239,2021-04-15,FR,27,M,,17.51
C101240,2023-12-16,FR,56,M,,20.38
C101241,2020-12-24,FR,45,X,premium,12.01
C101242,2019-08-13,IT,66,Unknown,,40.16
C101243,2020-06-15,FR,53,,?,9.13
C101244,2019-04-23,ES,30,Unknown,,12.38
C101245,2019-05-20,FR,53,F,,40.46
C101246,2020-07-12,DE,43,,,23.68
C101247,2019-01-01,ES,21,Unknown,?,43.94
C101248,31/03/2019,DE,,X,,35.66
C101249,15/10/2020,DE,55,F,?,19.08
C101250,16/11/2019,DE,39,F,premium,40.8
C101251,23/04/2023,FR,19,F,basic,11.4
C101252,2019-05-19,IT,48,,premium,34.5
C101253,2023-03-15,FR,28,M,basic,29.04
C101254,24/04/2021,FR,63,,premium,19.73
C101255,16/09/2019,IT,79,Unknown,basic,38.22
C101256,2023-08-24,DE,,M,basic,52.92
C101257,2021-06-20,NL,27,Unknown,gold,59.94
C101258,2020-11-20,ES,57,M,basic,38.43
C101259,10/01/2019,ES,41,,basic,27.26
C101260,18/09/2019,ES,61,F,gold,17.39
C101261,01/08/2023,DE,77,X,,19.14
C101262,2019-06-21,IT,79,F,,31.37
C101263,2021-06-16,FR,34,,gold,25.2
C101264,2019-01-13,NL,,M,?,55.26
C101265,2022-04-06,DE,74,F,basic,25.26
C101266,2023-07-24,ES,72,,basic,25.54
C101267,2023-06-08,ES,70,Unknown,gold,26.09
C101268,2019-11-17,DE,73,X,gold,51.01
C101269,2022-09-04,FR,26,F,?,40.79
C101270,2023-06-25,IT,39,M,,38.78
C101271,25/11/2019,NL,30,Unknown,premium,23.38
C101272,23/02/2021,FR,65,,,49.98
C101273,2021-02-15,IT,35,X,basic,7.11
C101274,2021-06-29,,57,M,gold,52.89
C101275,2023-04-23,NL,34,,?,33.2
C101276,2022-12-13,DE,32,,,26.9
C101277,2023-06-18,IT,32,F,?,32.34
C101278,2022-01-23,FR,,F,,41.71
C101279,24/05/2023,,56,M,basic,5.7
C101280,14/11/2019,ES,30,,premium,52.94
C101281,2019-08-24,DE,49,F,?,29.57
C101282,2019-11-30,IT,26,X,?,23.86
C101283,2020-01-11,FR,57,X,premium,12.6
C101284,2023-01-22,,37,,?,29.17
C101285,06/03/2022,,,F,?,32.3
C101286,2020-08-10,IT,61,M,,27.2
C101287,2023-04-20,DE,55,M,,42.33
C101288,27/05/2020,IT,77,M,premium,28.15
C101289,2022-08-12,DE,65,X,basic,57.88
C101290,2022-09-05,DE,35,F,?,37.96
C101291,2021-07-06,NL,33,F,basic,49.41
C101292,2023-05-15,FR,72,X,premium,11.01
C101293,2022-10-04,FR,56,M,premium,26.85
C101294,08/12/2023,,76,M,,23.53
C101295,2021-05-22,FR,79,,?,36.32
C101296,2022-06-06,FR,30,Unknown,gold,52.36
C101297,2019-09-27,??,23,F,premium,9.31
C101298,08/03/2021,DE,77,F,?,8.99
C101299,2022-08-07,IT,31,F,basic,51.77
C101300,2020-12-25,,71,Unknown,,16.71
C101301,03/04/2022,??,21,,basic,41.78
C101302,05/01/2019,IT,56,Unknown,premium,34.86
C101303,30/04/2021,FR,42,M,premium,50.81
C101304,2022-11-03,FR,49,M,basic,11.88
C101305,2019-03-19,NL,76,F,premium,12.14
C101306,2022-12-04,NL,,X,?,35.63
C101307,2020-07-27,ES,55,F,premium,57.05
C101308,2019-05-12,FR,70,X,,27.82
C101309,2020-08-23,DE,45,Unknown,?,22.98
C101310,2023-11-08,DE,20,M,gold,38.37
C101311,01/12/2021,IT,39,X,premium,56.17
C101312,2019-03-30,ES,55,Unknown,premium,51.03
C101313,06/02/2020,??,79,M,,59.75
C101314,23/10/2019,IT,74,X,,6.24
C101315,2022-08-11,DE,23,F,basic,11.21
C101316,07/09/2020,IT,49,F,basic,38.52
C101317,2023-03-30,ES,27,F,basic,50.13
C101318,2021-03-10,ES,20,Unknown,,20.69
C101319,11/09/2023,IT,76,F,basic,18.16
C101320,19/07/2023,NL,66,,basic,48.28
C101321,26/02/2020,NL,76,M,gold,8.1
C101322,2021-11-12,FR,48,Unknown,basic,25.32
C101323,2020-07-28,DE,79,F,premium,32.82
C101324,2019-05-23,IT,69,M,,35.82
C101325,2021-09-19,DE,58,X,?,45.07
C101326,26/10/2020,FR,48,F,gold,24.52
C101327,2019-05-25,DE,39,M,,38.7
C101328,02/06/2022,IT,21,,,37.2
C101329,2021-10-03,DE,30,X,premium,35.12
C101330,17/05/2020,IT,62,,basic,40.23
C101331,2021-03-31,,59,M,premium,19.27
C101332,28/06/2023,DE,66,,basic,9.66
C101333,2019-04-14,DE,37,M,basic,11.56
C101334,2021-11-28,FR,71,M,,17.35
C101335,17/07/2019,NL,53,,basic,32.51
C101336,2023-07-28,FR,18,M,gold,51.22
C101337,2020-08-01,FR,32,F,gold,43.57
C101338,26/01/2020,DE,34,M,gold,48.4
C101339,2022-04-17,IT,41,Unknown,,24.3
C101340,2020-07-07,ES,75,M,premium,27.26
C101341,2023-01-11,IT,40,Unknown,?,26.65
C101342,04/03/2023,??,63,M,basic,15.55
C101343,2021-11-04,FR,25,M,?,8.37
C101344,2023-07-05,NL,76,,premium,37.5
C101345,2023-08-20,DE,76,F,premium,59.41
C101346,2022-08-05,NL,30,F,,14.18
C101347,22/04/2020,IT,56,X,gold,7.57
C101348,2022-06-08,NL,45,,gold,47.87
C101349,11/07/2021,DE,78,,premium,18.89
C101350,2020-02-24,DE,33,F,,50.63
C101351,2019-06-06,FR,19,,,43.72
C101352,2020-07-03,FR,34,F,basic,57.01
C101353,2023-01-04,FR,47,,gold,27.49
C101354,2022-01-25,FR,30,M,premium,41.41
C101355,2021-10-17,DE,30,F,?,30.57
C101356,23/09/2021,ES,60,F,gold,39.68
C101357,2022-12-05,NL,38,Unknown,basic,29.73
C101358,08/08/2021,ES,72,,,15.37
C101359,16/10/2019,DE,57,,premium,32.93
C101360,2022-07-01,ES,32,F,gold,34.07
C101361,2019-07-15,DE,69,M,?,49.58
C101362,20/08/2020,,70,M,basic,45.45
C101363,2023-03-26,DE,69,M,basic,41.51
C101364,2020-05-31,IT,47,,gold,11.24
C101365,2023-07-17,,50,Unknown,?,44.63
C101366,2021-05-14,NL,74,F,basic,32.52
C101367,2022-02-15,IT,69,X,premium,54.18
C101368,2021-03-16,NL,26,Unknown,basic,55.59
C101369,2022-03-28,,71,X,?,8.03
C101370,2021-03-25,IT,18,Unknown,,50.14
C101371,2019-08-16,ES,61,M,,7.07
C101372,2019-08-04,IT,26,,gold,25.19
C101373,2021-08-05,ES,49,X,?,34.83
C101374,2023-09-16,IT,32,Unknown,basic,13.15
C101375,2019-01-15,ES,29,,basic,46.05
C101376,2022-03-26,FR,74,X,,5.46
C101377,30/07/2023,DE,25,F,,14.27
C101378,08/07/2022,DE,44,Unknown,premium,36.94
C101379,26/03/2022,FR,79,F,,44.29
C101380,16/02/2019,DE,29,M,premium,55.42
C101381,2019-11-20,ES,,F,basic,43.8
C101382,23/04/2021,FR,59,F,premium,41.95
C101383,05/09/2023,NL,79,Unknown,premium,26.69
C101384,2019-05-10,DE,28,M,gold,5.07
C101385,2022-12-05,FR,60,F,,11.61
C101386,05/04/2019,IT,34,,premium,34.4
C101387,18/09/2020,ES,49,X,basic,42.13
C101388,24/01/2021,DE,57,F,?,27.96
C101389,2022-08-08,NL,40,M,premium,45.19
C101390,2021-03-04,NL,73,F,,33.7
C101391,2022-07-30,FR,23,X,gold,9.08
C101392,2019-03-10,FR,67,M,basic,15.56
C101393,2023-08-11,,54,Unknown,gold,51.2
C101394,2019-01-11,IT,,M,?,44.87
C101395,2022-07-01,ES,71,Unknown,premium,54.21
C101396,21/05/2021,NL,66,M,premium,11.47
C101397,2020-07-03,FR,28,X,,59.46
C101398,03/03/2022,ES,66,X,premium,16.52
C101399,12/12/2020,FR,38,M,basic,5.65
C101400,23/01/2019,IT,,F,?,59.86
C101401,2021-03-25,ES,45,X,gold,20.46
C101402,2019-12-12,IT,34,Unknown,?,41.74
C101403,2019-10-29,FR,23,Unknown,premium,14.72
C101404,2019-12-29,FR,36,,gold,36.91
C101405,31/01/2020,ES,73,Unknown,,54.72
C101406,06/08/2019,IT,45,,?,22.61
C101407,2019-05-21,ES,55,M,gold,41.86
C101408,28/06/2023,DE,54,M,gold,15.33
C101409,2021-08-15,NL,66,M,gold,39.36
C101410,2022-05-18,DE,60,F,basic,23.5
C101411,2021-09-11,,53,F,?,16.62
C101412,2021-09-19,DE,75,,gold,22.23
C101413,2023-07-05,IT,30,Unknown,?,14.84
C101414,2023-06-28,DE,69,Unknown,gold,54.61
C101415,07/04/2021,??,75,M,,26.85
C101416,2020-11-13,ES,49,X,,18.49
C101417,2023-01-23,DE,77,F,,29.66
C101418,2021-09-30,FR,75,F,premium,22.63
C101419,2019-12-22,DE,73,M,gold,45.94
C101420,04/10/2021,DE,45,F,premium,58.42
C101421,09/09/2022,??,18,M,?,29.09
C101422,02/03/2022,ES,59,,premium,52.36
C101423,2021-06-06,IT,65,Unknown,?,36.12
C101424,2019-05-07,IT,57,X,?,13.65
C101425,03/02/2022,IT,,Unknown,?,42.98
C101426,05/10/2021,DE,21,Unknown,premium,33.24
C101427,26/08/2020,FR,55,,gold,40.78
C101428,2023-12-28,IT,44,F,premium,53.93
C101429,2022-11-02,,26,X,gold,29.22
C101430,2021-10-10,FR,33,F,gold,54.56
C101431,2019-02-20,FR,73,Unknown,?,46.29
C101432,2021-11-18,ES,48,M,premium,31.87
C101433,2023-01-25,,31,Unknown,gold,38.18
C101434,2022-08-12,FR,42,F,,22.91
C101435,2022-08-13,ES,51,Unknown,gold,59.1
C101436,2023-10-16,NL,41,M,,41.7
C101437,17/02/2021,DE,43,,premium,7.41
C101438,01/12/2022,DE,37,F,premium,22.96
C101439,2023-11-28,IT,,Unknown,premium,39.28
C101440,2021-03-24,??,27,F,gold,8.1
C101441,2023-06-25,FR,41,,basic,6.31
C101442,2022-11-29,ES,22,Unknown,gold,29.75
C101443,01/10/2022,ES,75,Unknown,gold,23.3
C101444,2023-07-04,ES,44,F,?,29.11
C101445,2020-02-24,IT,32,F,?,19.45
C101446,20/04/2022,ES,52,M,gold,14.06
C101447,2021-09-09,ES,70,,,42.9
C101448,2021-04-04,ES,61,M,?,33.3
C101449,21/10/2021,ES,43,Unknown,gold,16.01
C101450,20/07/2020,ES,64,F,basic,22.58
C101451,2020-01-06,NL,51,Unknown,,37.55
C101452,2021-07-24,DE,67,Unknown,premium,8.97
C101453,2020-10-22,NL,29,X,gold,13.11
C101454,2022-12-25,NL,21,X,gold,9.03
C101455,2021-08-26,FR,65,Unknown,,49.68
C101456,2022-08-25,ES,72,F,?,46.38
C101457,2022-03-06,ES,18,Unknown,?,46.43
C101458,2019-07-21,FR,47,X,?,44.4
C101459,30/12/2022,FR,20,F,premium,41.82
C101460,2019-11-09,DE,38,Unknown,,31.23
C101461,2019-04-27,FR,66,,,40.33
C101462,17/08/2023,NL,79,,?,7.11
C101463,2021-07-25,FR,55,Unknown,?,39.18
C101464,28/07/2020,NL,32,F,basic,47.78
C101465,01/09/2019,ES,69,Unknown,basic,32.52
C101466,20/06/2020,NL,63,Unknown,gold,24.66
C101467,2023-06-14,ES,42,X,gold,20.26
C101468,16/03/2019,DE,38,,,40.35
C101469,2020-01-21,IT,22,X,,43.1
C101470,18/05/2022,DE,64,X,premium,52.9
C101471,2020-04-19,ES,35,Unknown,premium,23.83
C101472,22/02/2020,??,38,X,basic,47.34
C101473,2019-12-13,DE,40,,gold,35.87
C101474,2023-04-02,FR,,X,basic,53.56
C101475,01/10/2020,IT,57,,basic,34.03
C101476,2021-07-27,NL,27,X,gold,33.47
C101477,2021-08-12,IT,69,,premium,36.78
C101478,2021-05-25,FR,78,X,gold,46.21
C101479,2021-02-01,IT,,X,?,58.06
C101480,17/04/2022,FR,22,F,?,9.05
C101481,20/04/2022,IT,70,,?,7.94
C101482,2020-10-25,,72,,,56.57
C101483,2019-01-25,IT,54,,premium,34.14
C101484,2022-04-18,NL,73,M,premium,38.82
C101485,2020-12-10,DE,76,X,,31.53
C101486,05/03/2023,IT,76,,basic,10.15
C101487,2022-03-30,NL,19,M,?,47.24
C101488,2019-06-26,DE,,F,?,46.1
C101489,2019-10-12,NL,77,,basic,22.14
C101490,2019-03-04,FR,68,,gold,21.84
C101491,2021-09-29,IT,47,M,gold,51.08
C101492,2020-10-23,NL,28,X,premium,8.98
C101493,27/10/2020,IT,56,F,,53.46
C101494,05/06/2019,DE,,,premium,19.12
C101495,01/02/2023,ES,,X,gold,37.61
C101496,2021-12-08,ES,78,F,basic,56.48
C101497,2021-08-24,??,71,Unknown,premium,42.3
C101498,2021-04-28,ES,75,Unknown,?,27.79
C101499,2022-01-12,FR,73,F,?,42.92
C100383,26/03/2021,IT,77,Unknown,premium,56.8
C100002,10/05/2021,NL,19,M,premium,43.68
C100773,07/06/2022,FR,49,Unknown,,38.09
C101423,2021-06-06,IT,65,Unknown,?,36.12
C100707,2019-10-06,DE,,Unknown,?,7.88
C101472,22/02/2020,??,38,X,basic,47.34
C100149,2021-11-22,DE,29,Unknown,premium,58.9
C100379,23/05/2023,IT,41,F,basic,19.89
C100168,2020-05-17,DE,52,,gold,24.62
C101348,2022-06-08,NL,45,,gold,47.87
C100668,2023-06-14,IT,36,F,premium,26.61
C100249,17/03/2020,NL,36,X,premium,31.63
C100749,2020-07-22,NL,46,M,premium,17.58
C100369,2021-07-02,ES,41,Unknown,?,35.81
C100906,13/07/2021,DE,59,F,?,19.39
C101412,2021-09-19,DE,75,,gold,22.23
C101286,2020-08-10,IT,61,M,,27.2
C100953,09/02/2021,IT,46,,premium,10.72
C100931,16/06/2022,IT,65,F,,56.98
C100488,20/01/2019,IT,76,X,?,25.5
