ticket_id,customer_id,timestamp,channel,issue_type,resolution_time_min,was_resolved
T67343,C101163,2021-10-15,email,technical,139,1
T39048,C101154,2023-03-10,,technical,234,0
T32047,C101040,2023-11-26,phone,billing,150,0
T24108,C100520,2023-03-02,,,126,0
T31194,C101287,2022-08-19,chat,general,178,1
T34381,C101010,2021-04-18,,,228,0
T42351,C101162,2022-10-19,phone,billing,96,0
T53389,C100478,2021-03-06,chat,billing,239,1
T25327,C100752,2023-08-25,,general,146,1
T19863,C101242,2022-09-02,phone,,41,0
T17386,C100338,2024-03-28,whatsapp,technical,69,0
T37692,C100781,2022-07-13,chat,billing,162,0
T95288,C101008,2023-11-28,whatsapp,billing,201,0
T29897,,2023-11-13,phone,technical,242,0
T70719,C100681,2024-03-28,phone,,19,1
T19207,C101357,2021-09-10,,technical,127,0
T11422,C100230,2023-10-06,chat,technical,113,1
T21514,C101281,2024-10-05,,,194,1
T27855,C101048,2021-03-12,phone,,30,0
T81183,C100486,2022-01-24,phone,billing,281,0
T22986,C100188,2023-03-16,chat,technical,47,0
T44679,C101466,2023-06-09,email,,124,0
T74697,C100422,2022-07-13,email,billing,97,0
T91781,C100502,2022-03-31,,technical,178,0
T38386,C100050,2022-06-28,phone,,115,0
T44372,C100342,2024-06-12,email,general,124,0
T30991,C100367,2024-04-21,phone,general,60,0
T47844,C100328,2021-10-20,whatsapp,billing,279,1
T78529,C100129,2023-09-13,chat,,166,1
T86332,C100279,2021-02-18,whatsapp,billing,120,1
T68657,C101110,2024-04-13,whatsapp,,254,1
T89495,C101493,2022-09-28,,general,7,1
T71176,C100023,2023-07-01,chat,technical,110,0
T11431,C100018,2021-09-11,email,,101,1
T25194,C100548,2022-01-18,chat,,95,0
T95474,C100691,2022-11-11,phone,general,235,1
T13818,C101108,2023-09-13,,general,109,1
T49517,C101123,2024-01-13,,,130,0
T95929,C100864,2024-08-03,,general,32,1
T83733,C100730,2022-09-12,whatsapp,,74,0
T19206,C100579,2021-09-24,whatsapp,,224,0
T41084,C100867,2023-06-14,email,billing,98,0
T45716,C100772,2022-06-30,,technical,62,0
T15470,C101378,2023-10-04,phone,,163,1
T69948,C100440,2023-01-16,chat,technical,170,0
T98381,C101410,2022-11-07,,,185,0
T69813,,2021-08-11,phone,,132,1
T83965,C100177,2021-04-05,whatsapp,,49,1
T99283,C100850,2022-07-12,email,,87,0
T20937,C101027,2023-08-17,email,general,132,1
T64819,C100160,2024-06-21,phone,general,270,1
T26147,C100754,2024-04-30,phone,billing,135,1
T73982,C101306,2023-10-27,email,technical,125,1
T39945,C100938,2021-01-14,phone,technical,153,1
T32360,C101172,2021-08-20,chat,billing,141,1
T91157,C100683,2021-10-13,phone,technical,27,1
T17099,C101165,2022-05-01,chat,billing,235,0
T28022,C100830,2022-09-03,email,billing,111,0
T30914,C101031,2021-02-23,whatsapp,,290,0
T73381,C100037,2024-11-03,,billing,53,0
T96743,C100861,2022-07-24,whatsapp,technical,18,0
T38330,C100865,2025-03-02,phone,technical,171,1
T56416,C100572,2024-09-01,email,billing,298,0
T34839,C100388,2023-07-15,email,technical,129,1
T93781,C100247,2022-05-26,whatsapp,general,11,1
T90803,C100754,2021-10-17,chat,billing,27,0
T41157,C101394,2024-02-27,,billing,297,1
T81780,C100319,2022-12-09,email,technical,159,0
T74599,C100145,2024-08-03,chat,,223,1
T83532,C100928,2023-11-03,phone,,248,1
T35190,C100800,2023-12-31,chat,technical,239,1
T56316,C100349,2022-10-05,phone,billing,43,0
T42467,C100623,2021-09-17,chat,,282,0
T81707,C100011,2021-06-06,,general,124,1
T70883,C100926,2025-10-01,whatsapp,technical,145,0
T32854,C100645,2021-03-29,email,technical,44,0
T72304,C101142,2021-07-18,email,,178,1
T17632,C100690,2024-02-26,phone,,207,1
T27443,C100657,2023-10-23,phone,billing,97,0
T33860,C100214,2024-08-29,email,general,184,1
T95142,C101450,2023-01-20,,billing,26,0
T92414,C100679,2024-08-23,phone,technical,197,1
T60437,C100531,2024-08-03,chat,general,52,1
T27030,C101237,2022-06-27,phone,technical,152,0
T56955,C100683,2022-07-10,,billing,225,0
T96387,C100058,2021-12-28,email,billing,257,0
T38721,C100352,2023-08-02,phone,technical,82,1
T94445,C101011,2021-06-29,whatsapp,,187,1
T21374,C100744,2023-11-19,,,236,1
T46552,C101295,2024-12-23,whatsapp,general,59,0
T55001,C101486,2024-01-27,chat,,258,0
T33421,C101032,2023-06-12,phone,general,12,0
T71180,C100740,2023-08-25,phone,,207,0
T25518,C100808,2021-03-18,chat,,202,0
T28534,C100666,2022-08-04,chat,general,111,1
T52258,C100077,2024-02-08,chat,general,224,0
T73661,C100638,2021-12-26,whatsapp,,230,1
T45923,C101365,2023-03-24,whatsapp,,164,1
T35542,C101149,2023-10-18,phone,general,126,1
T46520,C101241,2025-01-29,chat,general,117,1
T21484,C101017,2022-04-17,chat,,172,1
T57043,C100672,2021-05-18,phone,billing,165,0
T70013,C100882,2022-05-29,chat,technical,291,0
T44268,C100714,2023-06-01,,technical,160,0
T90439,C100046,2022-10-09,phone,general,139,1
T79484,C100059,2022-05-17,,general,169,1
T84295,C100794,2023-10-31,phone,,198,1
T93788,C101330,2022-02-03,chat,,10,1
T80975,C101401,2024-10-23,chat,technical,153,0
T84068,C101206,2021-10-03,,general,67,1
T62143,C100460,2022-04-02,whatsapp,,285,0
T25897,C100282,2021-07-27,whatsapp,general,8,0
T80337,C100459,2021-06-01,email,billing,128,1
T13817,C100734,2024-10-20,phone,billing,200,0
T88286,C100083,2022-02-09,chat,general,138,1
T33585,C101374,2022-04-10,phone,,191,1
T89061,C101045,2021-06-18,email,,186,1
T65370,C100910,2021-05-29,email,technical,22,1
T63337,C100652,2023-10-01,chat,,293,0
T78235,C100587,2023-09-01,chat,,157,1
T19557,C100896,2023-07-05,phone,billing,82,1
T24567,C100770,2024-10-02,chat,,34,0
T90298,C100506,2023-02-24,phone,,113,0
T43609,C100109,2022-02-12,,general,88,0
T73670,C100297,2022-07-28,email,,132,1
T57997,C100205,2021-11-06,,,254,1
T27112,C100696,2022-07-30,email,,110,0
T80086,C101050,2025-01-17,phone,,193,0
T23776,C100426,2022-07-13,phone,technical,231,0
T95944,C100432,2022-07-22,email,,128,1
T96787,C100914,2023-10-31,phone,,165,1
T87386,C100271,2024-07-06,whatsapp,,244,0
T39085,C100180,2021-08-21,,general,52,0
T55981,C100602,2022-02-19,phone,general,182,0
T87023,C101399,2021-12-24,email,billing,31,0
T74544,C100211,2023-02-20,,general,147,0
T71427,C100086,2024-08-02,phone,technical,78,1
T65092,C101046,2024-08-11,chat,billing,86,1
T90362,C100572,2023-07-02,phone,billing,177,0
T42898,C100332,2023-07-04,phone,billing,38,1
T34493,C101112,2021-03-15,email,,38,1
T25950,C100318,2024-10-15,,general,277,1
T85926,C100644,2024-07-11,chat,,49,1
T44003,C101089,2025-04-02,,,281,1
T49147,C101333,2021-02-26,email,billing,114,0
T92976,C100959,2024-02-03,email,technical,88,1
T29882,C101113,2024-01-08,phone,,250,0
T17151,C100653,2022-02-02,,billing,202,0
T99182,C100277,2024-09-05,phone,billing,45,0
T65302,C100788,2023-11-22,whatsapp,,287,0
T15174,C100371,2023-12-03,chat,technical,181,0
T58792,C100128,2021-05-20,email,billing,197,0
T60170,C100084,2024-10-12,email,,27,1
T30906,C100087,2021-11-02,phone,,290,0
T88521,C100235,2021-07-13,email,technical,112,1
T17115,C100618,2021-10-04,whatsapp,general,209,1
T22894,C100844,2023-09-14,whatsapp,,101,1
T61435,C100054,2021-02-04,,technical,226,1
T30014,C101210,2023-10-08,phone,general,207,0
T55184,C100250,2024-03-07,chat,billing,213,0
T38334,C100835,2021-06-20,,,105,1
T16958,C101199,2021-08-19,chat,general,59,1
T21272,C101469,2024-11-24,email,general,150,1
T74239,C101241,2021-11-27,phone,billing,232,1
T26192,C101011,2022-10-12,email,,116,0
T23814,C101055,2024-09-04,whatsapp,billing,194,0
T30150,C100056,2021-06-09,whatsapp,,282,1
T85849,C101396,2023-02-02,,technical,130,1
T36092,C100642,2021-10-14,whatsapp,,83,0
T34094,C100822,2021-05-27,email,billing,161,0
T43093,C100167,2022-12-09,phone,technical,38,0
T30665,C100464,2023-08-26,email,billing,232,0
T36269,C100284,2024-06-27,chat,,271,0
T56411,C100550,2024-05-24,,technical,136,1
T45384,C100119,2024-01-24,phone,billing,193,1
T73617,C100094,2023-03-04,chat,,278,0
T44016,C101396,2022-04-05,chat,technical,14,1
T21502,C101426,2023-09-20,,,106,1
T92456,C100016,2023-07-07,phone,,109,1
T68244,C101091,2022-08-04,,general,282,1
T41528,C101172,2024-10-06,,billing,6,1
T85765,C100410,2022-02-08,,,162,0
T57197,C100408,2025-01-26,phone,,110,0
T95914,C101236,2022-03-27,email,,156,0
T81062,C100686,2022-09-05,email,,110,1
T86127,C101317,2024-09-27,phone,billing,155,0
T52570,C100272,2021-07-12,phone,,209,1
T51832,C100676,2023-12-14,whatsapp,technical,22,0
T29392,C100205,2021-07-07,,billing,155,0
T89697,C101336,2023-11-17,email,technical,172,1
T41967,C100459,2023-05-04,whatsapp,technical,218,0
T80184,C100549,2022-11-25,,billing,153,1
T35452,C101405,2023-03-05,chat,,105,1
T89698,C100261,2024-04-05,email,,245,0
T62673,C100680,2021-01-27,chat,,106,0
T84776,C101017,2021-01-21,chat,,222,0
T91710,C101182,2021-01-29,whatsapp,,236,0
T79065,C100245,2024-05-14,chat,,89,1
T14717,C101073,2022-05-23,phone,,110,1
T24615,C100290,2024-09-22,email,general,108,1
T85582,C100290,2022-05-17,chat,general,163,0
T99394,C100506,2024-12-19,,,136,0
T95016,C100321,2021-06-03,,technical,190,0
T88131,C100845,2023-04-18,phone,general,197,1
T14099,C100476,2022-09-21,email,general,41,0
T79691,C100829,2022-07-15,phone,billing,224,0
T42932,C100626,2023-11-29,phone,,247,0
T17521,C100921,2021-02-21,whatsapp,,106,1
T39939,C100253,2021-08-12,chat,,99,1
T15756,C100464,2023-10-16,,technical,283,1
T87700,C101039,2023-04-12,email,billing,47,1
T39666,C101254,2022-07-13,phone,,84,0
T86594,C101174,2025-01-31,chat,,86,0
T49152,C100945,2022-10-08,,general,174,1
T18821,C100510,2024-07-05,whatsapp,general,127,0
T35711,C100353,2021-11-30,chat,,210,0
T18818,C101152,2021-11-17,whatsapp,,25,0
T91647,C100500,2022-01-16,email,billing,156,0
T65316,C101095,2022-11-21,,technical,207,0
T15563,C100752,2022-07-01,phone,,54,0
T14936,C100531,2022-08-14,whatsapp,,206,1
T65255,C100500,2023-10-13,,,259,0
T83611,C100512,2022-06-14,phone,,236,1
T98552,C100147,2023-03-15,phone,general,108,1
T48762,C100267,2021-02-08,email,,198,1
T15520,C100010,2023-03-12,email,,217,1
T62449,C100611,2022-06-15,chat,billing,179,0
T84835,C101440,2023-02-25,chat,,236,1
T90845,C101395,2022-06-13,,billing,122,0
T37370,C100142,2023-05-18,email,technical,283,1
T19273,C101232,2021-08-01,chat,,206,1
T33478,C100366,2022-07-05,chat,,236,0
T99828,C100966,2023-07-12,,billing,205,0
T55071,C101484,2023-03-01,whatsapp,technical,26,1
T87979,C100346,2021-10-07,chat,,168,1
T73158,C100835,2023-11-16,whatsapp,billing,245,1
T89080,C101128,2024-12-14,email,billing,211,0
T34626,C101069,2022-04-06,chat,general,218,0
T79195,C100080,2021-01-13,whatsapp,general,240,0
T98625,C100840,2024-06-06,chat,,28,0
T59005,C100866,2023-05-21,email,general,202,1
T62003,C101116,2024-03-07,chat,,99,1
T62401,C101241,2021-09-24,phone,,7,1
T25317,C100377,2024-05-11,chat,technical,271,1
T53142,C100647,2023-05-25,chat,billing,211,0
T20751,C101349,2021-08-19,whatsapp,technical,234,1
T18868,C100016,2023-04-17,chat,,116,0
T39759,C100973,2023-11-30,whatsapp,,104,0
T47825,C101296,2023-09-07,whatsapp,billing,262,0
T83064,C101063,2024-05-04,email,,165,1
T92725,C101178,2021-08-30,email,general,91,0
T74374,C100345,2023-07-16,chat,,11,1
T85885,C100714,2024-12-15,phone,,274,1
T85562,C101309,2022-03-18,email,,52,1
T74342,C101067,2021-11-28,chat,billing,286,0
T21953,C100265,2022-11-15,whatsapp,,97,0
T19208,C100820,2024-11-03,whatsapp,technical,82,1
T64612,C100417,2021-01-06,phone,technical,171,0
T79169,C101086,2022-06-15,,billing,219,1
T98060,C100568,2024-11-24,email,,186,0
T28855,C100266,2022-12-15,email,,156,0
T71947,C101458,2023-12-07,email,general,58,1
T74499,C100820,2023-11-03,email,billing,72,0
T45907,C100621,2023-12-08,phone,,98,0
T22215,C100009,2022-02-01,phone,general,284,0
T40052,C100801,2022-09-07,,,221,0
T88053,C100000,2022-07-23,chat,general,292,1
T39093,C100432,2024-07-26,,billing,59,0
T61198,C101135,2023-02-13,whatsapp,,125,0
T88849,C100727,2021-03-12,phone,general,224,1
T48907,C101226,2023-10-06,phone,billing,57,1
T18867,C100117,2024-07-23,whatsapp,,253,1
T46385,C100090,2023-03-29,phone,general,135,1
T54644,C100274,2021-08-13,whatsapp,billing,74,0
T34852,C100338,2023-03-21,whatsapp,,132,0
T72859,C100188,2021-05-11,,,65,1
T66870,C101492,2023-03-12,whatsapp,,167,0
T43082,C100665,2022-09-17,chat,billing,34,1
T60744,C100862,2022-10-06,email,billing,124,1
T13539,C101259,2022-05-27,email,billing,72,0
T29432,C101319,2022-01-16,chat,,127,0
T86870,C100288,2022-03-15,,general,35,1
T39278,C100220,2021-12-02,,general,76,1
T30292,C101000,2024-01-15,whatsapp,,210,0
T79886,C101203,2023-05-03,phone,billing,117,0
T14150,C100152,2023-03-06,chat,technical,43,0
T23148,C101020,2021-05-30,email,billing,246,0
T84572,C100952,2021-10-26,email,,101,0
T43806,C100169,2021-07-08,,billing,101,1
T68232,C100039,2022-06-02,chat,billing,124,0
T37363,C101168,2021-10-21,whatsapp,,179,0
T77005,C100499,2022-02-25,phone,,58,0
T65266,C101474,2022-01-13,phone,billing,251,0
T42592,C100619,2022-10-04,whatsapp,billing,132,0
T13403,C101130,2021-08-03,phone,,71,1
T92925,C100959,2024-10-03,whatsapp,billing,57,0
T47865,C100729,2022-03-14,chat,general,149,0
T47823,C100945,2024-06-02,chat,technical,166,1
T11923,C100315,2023-05-07,,,42,1
T43929,C100308,2023-11-26,phone,general,226,1
T60667,C101350,2021-04-04,email,billing,294,1
T90345,C100028,2023-02-15,email,billing,18,0
T16022,C100740,2022-06-16,whatsapp,technical,2,0
T70702,C101479,2024-04-16,whatsapp,,36,1
T72905,C100146,2022-05-24,chat,,55,1
T12046,C100710,2021-08-20,chat,general,291,0
T60637,C100511,2022-01-30,whatsapp,technical,10,0
T21611,C100507,2022-11-19,whatsapp,technical,178,1
T76732,C100755,2023-06-22,email,technical,275,0
T88247,C101479,2024-08-15,phone,,216,0
T93275,C100826,2023-10-17,,,208,0
T25427,C100588,2023-02-23,email,billing,220,0
T33989,C100680,2023-12-16,whatsapp,,281,0
T14506,C100453,2023-03-13,,,33,1
T87331,C101221,2021-01-02,email,technical,86,1
T85428,C100901,2024-07-13,email,technical,282,1
T41592,C100117,2023-01-16,chat,technical,221,0
T29145,C100770,2021-04-03,email,billing,16,0
T66416,C101284,2021-11-10,chat,,67,1
T78914,C100274,2023-04-24,,general,118,1
T23968,C101452,2021-10-14,chat,,39,0
T45206,C100193,2022-08-08,,,238,1
T81534,C100584,2021-08-15,whatsapp,technical,9,0
T97212,C100144,2024-03-15,,,260,1
T92424,C100690,2024-09-06,whatsapp,,233,0
T25109,C100648,2023-08-17,email,,197,1
T13476,C000000,2021-11-01,chat,billing,3,1
T78377,C100166,2021-07-28,phone,billing,175,0
T64955,C100855,2021-09-14,phone,,246,1
T75634,C101456,2024-11-04,chat,,52,1
T14107,C100285,2021-01-02,phone,billing,294,1
T19129,C101455,2021-10-02,phone,billing,201,0
T46158,C100061,2021-12-29,whatsapp,general,103,1
T94225,C100015,2023-03-20,,,173,0
T54911,C100529,2022-08-12,,general,272,0
T41732,C101074,2021-05-01,,,271,1
T59867,C100060,2022-03-17,whatsapp,technical,168,0
T11728,C100463,2024-09-05,email,,45,1
T52842,C101100,2021-10-15,email,,45,1
T72486,C100929,2023-06-17,,general,165,1
T21492,C101096,2023-07-08,chat,,108,1
T72546,C100595,2023-10-07,whatsapp,,11,1
T42533,C100709,2024-06-25,email,general,91,0
T96046,C100899,2024-03-24,email,,104,1
T74629,C100771,2021-10-31,email,,222,1
T71843,C100877,2024-03-11,whatsapp,general,137,0
T65910,C100975,2024-10-04,whatsapp,billing,289,0
T98878,C100184,2024-07-24,whatsapp,,236,1
T20730,C100824,2022-08-31,phone,,164,0
T64804,C100480,2024-04-19,,general,72,0
T33031,C100715,2022-05-14,phone,technical,21,1
T35409,C100481,2021-12-26,phone,,285,0
T43405,C100913,2022-11-22,,technical,7,0
T65529,C100284,2022-02-07,chat,general,275,1
T72554,C100313,2024-08-16,email,billing,272,0
T14316,C100150,2023-04-28,,billing,170,0
T11369,C101375,2023-07-22,chat,,88,1
T67415,C100022,2021-04-15,email,,299,1
T79302,C101289,2024-02-25,chat,general,114,0
T58406,C101298,2022-10-13,whatsapp,,229,0
T16424,C101102,2021-05-19,phone,,124,0
T82183,C100981,2023-04-15,,general,199,0
T87221,C100650,2022-02-01,chat,general,40,1
T51470,C100965,2024-02-13,chat,,112,0
T36463,C100398,2022-03-06,,technical,85,0
T67079,C101364,2022-05-23,,general,27,0
T78561,C100114,2025-01-25,chat,billing,109,0
T85109,C100224,2023-07-01,whatsapp,billing,168,0
T88659,C101078,2022-02-27,chat,billing,57,1
T89738,C100622,2021-08-02,whatsapp,billing,105,0
T49396,C100278,2021-12-11,,,178,1
T94729,C100490,2022-08-03,whatsapp,billing,130,0
T51426,C100648,2023-10-26,phone,billing,52,0
T10396,C100805,2022-05-01,chat,,159,1
T98850,C100439,2024-01-28,phone,general,12,0
T55420,C100700,2022-01-21,email,,153,0
T41518,C100593,2025-03-02,chat,billing,108,1
T98408,C100982,2021-01-27,,,144,1
T95551,C100676,2021-06-08,email,,64,1
T77887,C100399,2024-06-29,,,99,0
T27820,C100811,2021-02-10,email,,184,1
T24428,C100772,2021-06-05,whatsapp,general,234,1
T93359,C100971,2023-09-24,chat,billing,203,0
T52302,C100857,2023-11-13,chat,,215,0
T40803,C100525,2022-06-08,phone,,100,1
T74965,C101261,2021-06-11,,billing,52,0
T41250,C100188,2022-09-03,email,technical,93,1
T26896,C100795,2022-08-23,email,,222,0
T65276,C100499,2024-05-18,,,296,1
T87567,C101233,2021-02-09,phone,,166,1
T16225,C100973,2023-08-09,whatsapp,,48,1
T43879,C100019,2021-12-31,email,,36,0
T60258,C100100,2023-04-01,whatsapp,technical,285,1
T77955,C100065,2023-10-20,phone,general,144,1
T41584,C100172,2024-04-26,email,,168,0
T55544,C100725,2021-10-19,chat,general,62,0
T88326,C100284,2021-06-22,,billing,93,1
T78345,C100453,2024-02-27,,billing,231,1
T68316,C100234,2024-03-02,,,286,1
T95469,C100877,2022-11-02,whatsapp,technical,162,1
T71304,C101121,2021-11-16,phone,technical,6,0
T65434,C100223,2024-02-07,chat,general,259,0
T22387,C100180,2023-12-01,email,billing,140,0
T42173,C100340,2023-03-19,phone,billing,167,0
T42805,C100266,2023-09-20,phone,general,153,0
T14734,C100506,2023-04-07,email,billing,186,0
T99206,C100053,2024-01-10,whatsapp,technical,213,1
T97552,C100452,2022-10-31,phone,general,278,1
T39392,C101413,2024-01-14,phone,general,299,0
T56503,C101018,2023-12-09,,,68,0
T86179,C100129,2022-08-05,whatsapp,general,233,0
T66356,C100559,2023-05-19,whatsapp,general,57,1
T32890,C100539,2024-04-21,chat,general,261,1
T69433,C100271,2024-03-25,email,technical,265,0
T75956,C100143,2024-05-09,phone,technical,94,1
T90802,C100890,2022-10-07,,,181,1
T37368,C100583,2023-01-27,chat,,104,0
T25346,C100906,2022-05-18,chat,general,114,1
T44479,C100770,2024-02-20,phone,billing,208,1
T58603,C101055,2024-09-03,,billing,63,0
T63261,C101390,2023-03-25,email,general,121,0
T63612,C100259,2022-09-29,email,,169,1
T85653,C101362,2022-12-10,whatsapp,general,111,1
T52323,C101455,2023-04-06,whatsapp,,42,1
T89522,C101392,2024-06-08,chat,billing,53,1
T98898,C101007,2022-08-17,chat,,125,0
T64925,C100476,2022-03-08,chat,technical,149,0
T48838,C101057,2022-04-15,phone,technical,23,0
T47499,C100705,2021-03-10,,general,274,0
T97355,C101043,2021-07-31,chat,general,37,0
T73247,C101084,2021-09-04,whatsapp,billing,227,0
T61659,C101497,2024-03-07,email,general,11,0
T73891,C100132,2024-06-05,,general,79,0
T63388,C100897,2021-03-03,email,general,241,0
T36571,C100838,2021-10-31,,technical,123,1
T60067,C101048,2021-06-26,,technical,191,1
T48982,C101441,2024-03-30,phone,,112,0
T88378,C100584,2022-12-11,whatsapp,billing,288,1
T62756,C100316,2024-06-11,whatsapp,,158,1
T42559,C100859,2022-06-12,,,74,1
T30136,C100104,2023-01-10,phone,general,233,0
T53800,C100710,2023-02-08,whatsapp,,75,0
T10942,C101040,2023-12-19,phone,,218,0
T28532,C100555,2023-06-19,chat,,263,0
T67883,C100271,2023-02-28,chat,,282,1
T49897,C100521,2022-01-08,whatsapp,technical,294,0
T89207,C101092,2024-06-24,phone,technical,241,1
T70145,C101477,2022-04-16,chat,technical,172,1
T27023,C100155,2023-11-16,email,technical,61,0
T36575,C101273,2021-10-12,phone,,62,0
T78083,C101110,2024-03-21,whatsapp,,139,1
T60896,C100645,2024-05-05,phone,technical,280,1
T35689,C101324,2021-05-25,email,billing,164,1
T31296,C100171,2021-01-01,whatsapp,general,30,1
T45561,C100473,2022-12-26,chat,billing,111,0
T63031,C100579,2021-08-18,phone,,131,1
T62113,C100367,2024-05-17,email,billing,93,0
T70074,C101341,2023-11-04,phone,,227,0
T64444,C100394,2023-12-31,whatsapp,technical,256,1
T74205,C101286,2021-02-11,email,billing,86,1
T79141,C100176,2023-01-02,phone,,283,1
T77295,C100508,2021-02-18,whatsapp,technical,231,1
T57309,C100384,2021-04-12,email,,24,0
T65980,C100980,2023-01-17,chat,technical,6,1
T18317,C101165,2021-12-21,email,,120,0
T41687,C100807,2022-12-28,chat,,124,0
T49745,C100458,2024-07-29,chat,,290,1
T21294,C100468,2024-01-28,phone,billing,199,1
T14005,C100018,2021-12-29,whatsapp,billing,164,0
T25675,C100629,2022-05-29,email,billing,39,1
T72658,C101075,2025-01-30,chat,general,71,0
T30090,C100364,2023-11-04,whatsapp,,186,1
T55874,C100080,2022-11-22,chat,billing,29,1
T20339,C100420,2023-04-10,email,technical,119,0
T83524,C100103,2025-01-25,email,,192,0
T22391,C100745,2022-01-18,whatsapp,,292,0
T99943,C100401,2022-06-09,chat,,190,0
T14032,C100895,2022-12-23,chat,billing,220,1
T45953,C100846,2023-07-29,whatsapp,,236,1
T49723,C101162,2022-07-10,,billing,180,1
T48565,C101095,2021-11-27,whatsapp,,27,0
T34968,C100966,2024-07-24,,general,233,0
T10808,C100144,2024-09-20,,technical,38,0
T23924,C100437,2025-08-01,whatsapp,technical,117,0
T58142,C100997,2023-08-01,email,general,231,1
T70372,C100792,2023-06-18,phone,billing,124,1
T56259,C101172,2023-01-04,whatsapp,,41,1
T25249,C101401,2023-04-14,whatsapp,,244,1
T18081,C100106,2021-06-29,,general,217,1
T61540,C100193,2023-11-19,phone,general,123,1
T67660,C100879,2022-11-22,phone,,267,1
T90343,C100280,2024-08-16,whatsapp,,170,0
T87390,C101183,2021-10-15,phone,general,41,1
T69589,C101211,2021-07-11,email,,171,0
T40308,C101196,2024-10-25,whatsapp,,174,1
T38099,C100163,2022-11-17,whatsapp,billing,239,0
T24018,C100926,2021-12-25,,technical,44,1
T34107,C101345,2022-12-04,chat,billing,75,0
T47862,C100855,2024-12-13,whatsapp,general,267,0
T82686,C101337,2022-11-10,chat,,21,0
T91471,C100211,2023-08-05,chat,,166,0
T84512,C100439,2023-03-16,chat,,38,0
T52291,C101003,2023-09-09,chat,billing,69,1
T71846,C100484,2023-02-10,phone,,276,0
T81698,C100416,2022-05-23,,billing,270,0
T18110,C100607,2021-01-19,phone,,112,0
T23166,C100547,2022-05-16,phone,,147,1
T19240,C100105,2024-12-19,whatsapp,,229,0
T80727,C100671,2023-09-15,whatsapp,billing,61,0
T82664,C100533,2021-04-26,email,billing,25,1
T13436,C101473,2024-06-10,whatsapp,billing,20,0
T57492,C100156,2023-02-03,phone,technical,232,1
T26341,C100125,2023-02-15,,,12,1
T91184,C100761,2023-05-02,email,general,241,1
T26751,C100603,2024-06-10,email,,256,0
T33904,C101029,2022-09-29,chat,general,128,0
T69435,C101261,2023-12-03,email,general,119,0
T53056,C100062,2022-09-15,email,general,86,1
T30120,C100475,2024-01-06,phone,,89,0
T13096,C100863,2024-05-06,chat,billing,168,0
T59509,C100369,2022-04-05,whatsapp,general,257,0
T94052,C101180,2024-03-17,chat,,198,1
T67755,C100093,2023-02-10,phone,general,17,0
T37646,C101374,2023-01-19,chat,,13,1
T12009,C100135,2022-03-20,whatsapp,,122,1
T31167,C101117,2021-02-16,email,,100,1
T38207,C100175,2021-05-25,phone,general,268,0
T86553,C100317,2021-12-09,email,general,79,0
T97094,C100595,2022-08-14,,technical,72,0
T98539,C100393,2023-02-21,phone,,295,1
T93780,C100770,2022-10-08,whatsapp,billing,198,0
T85202,C101243,2024-09-26,,,120,0
T26170,C100409,2021-12-05,chat,general,259,1
T83859,C100182,2022-10-09,phone,,297,0
T50300,C100156,2024-06-25,phone,general,247,0
T61323,C100480,2021-03-13,,billing,160,0
T28331,C100348,2022-10-19,,,224,0
T60289,C100976,2021-10-17,chat,,80,0
T53153,C100252,2021-12-15,chat,,232,0
T31874,C101394,2023-01-23,,billing,277,1
T71200,C100892,2025-01-05,,,281,0
T84514,C100720,2021-07-12,phone,,124,0
T63972,C101249,2024-04-25,chat,technical,274,1
T33696,C101404,2021-07-24,email,,88,0
T63611,C101069,2023-03-20,chat,technical,41,1
T24239,C100402,2024-07-27,whatsapp,technical,36,0
T43747,C100561,2023-12-26,chat,,167,1
T73937,C101248,2022-05-30,,technical,118,1
T52021,C101424,2021-06-10,email,billing,177,0
T72167,C101045,2023-04-09,chat,,162,0
T84210,C100129,2021-10-14,chat,billing,63,0
T19605,C101491,2023-07-11,email,,44,0
T55812,C100869,2021-01-15,email,,45,0
T30847,C101249,2021-06-25,email,,73,1
T50832,C100696,2022-07-10,whatsapp,technical,65,0
T45521,C100889,2023-01-26,phone,,3,0
T57307,C100093,2023-07-09,phone,billing,123,0
T28967,C100042,2022-04-07,email,technical,149,0
T51691,C100950,2023-07-10,,,19,1
T91476,C100934,2021-11-14,phone,,64,0
T24004,C100177,2021-12-05,email,technical,3,0
T59881,C100090,2021-02-26,whatsapp,,74,0
T44854,C100252,2022-05-24,chat,,74,1
T28790,C100871,2024-12-23,,general,145,1
T23460,C100353,2024-10-14,email,billing,2,0
T64689,C100641,2022-04-19,whatsapp,,175,1
T46846,C100131,2023-12-15,whatsapp,,108,1
T45646,C100879,2023-01-16,phone,billing,196,0
T99837,C100809,2021-02-27,email,billing,67,0
T25857,C101218,2022-01-11,phone,,224,1
T58928,C100512,2024-08-11,whatsapp,,211,0
T34221,C101034,2021-07-23,phone,technical,55,1
T47667,C100235,2024-04-15,chat,billing,79,0
T88290,C100341,2024-03-14,whatsapp,,260,1
T55708,C100927,2023-11-28,,billing,179,0
T79758,C101420,2022-10-06,email,,148,0
T65382,C100271,2021-08-31,whatsapp,,145,0
T16394,C101334,2022-02-03,phone,,110,1
T94063,C100386,2025-12-01,,billing,252,1
T75594,C100005,2023-02-23,phone,technical,256,0
T17760,C100172,2021-04-07,phone,general,267,1
T35523,C100631,2023-05-25,,technical,257,1
T94393,C101000,2023-06-02,whatsapp,general,286,0
T79678,C100123,2024-05-18,phone,technical,134,0
T15293,C101486,2022-02-21,,billing,222,1
T36858,C100640,2023-07-23,email,technical,227,1
T58080,C100427,2021-09-02,email,general,242,0
T40199,C100547,2024-01-21,phone,technical,146,1
T37893,C100586,2024-05-12,,,223,1
T80921,C101122,2021-10-13,phone,billing,258,1
T31034,C101198,2021-04-07,chat,,181,1
T64142,C101066,2022-03-07,chat,,260,1
T51386,C101382,2024-08-07,chat,,24,0
T30462,C100954,2022-10-28,email,general,188,1
T29221,C100688,2022-12-25,,general,145,1
T35212,C100731,2023-10-09,email,billing,54,1
T71789,C100906,2021-01-15,whatsapp,general,145,0
T98913,C101285,2023-02-25,phone,technical,153,1
T89984,C101232,2022-10-15,chat,general,138,1
T94938,C101087,2023-11-13,phone,technical,10,0
T62336,C100887,2021-07-17,email,general,204,0
T56166,C101046,2021-12-17,whatsapp,billing,51,0
T17896,C100574,2022-01-04,email,technical,269,0
T17691,C100806,2023-12-20,chat,,256,1
T12974,C100982,2021-01-16,email,general,84,0
T20146,C100043,2021-09-27,phone,general,293,1
T50138,C100925,2023-02-17,,technical,271,0
T63232,C100325,2022-12-16,phone,,8,1
T72603,C100397,2022-04-17,phone,,272,1
T14213,C100050,2021-07-07,whatsapp,technical,173,0
T84105,C100695,2024-09-26,,,117,0
T82076,C101053,2021-01-27,email,billing,39,1
T99977,C100033,2023-10-09,,,174,0
T61341,C100852,2023-04-17,whatsapp,technical,47,0
T50402,C100672,2024-04-26,whatsapp,,206,0
T55843,C100197,2024-06-27,chat,general,169,1
T58944,C101487,2023-08-04,chat,general,266,1
T25713,C100268,2021-07-27,email,technical,167,1
T89420,C100057,2023-07-28,whatsapp,technical,113,0
T60526,C101253,2021-04-13,chat,billing,125,1
T33244,C100434,2021-04-01,email,,108,0
T64678,C100044,2024-10-22,email,general,3,1
T49735,C101324,2024-12-19,phone,technical,97,0
T36170,C101276,2022-06-29,email,,158,1
T52708,C100580,2023-04-23,chat,billing,259,1
T65106,C100844,2022-07-05,phone,general,296,0
T80604,C100864,2023-02-25,chat,general,262,1
T56983,C100685,2022-11-25,email,general,233,1
T85330,C100426,2021-11-18,chat,,231,1
T35551,C101306,2022-02-17,chat,general,277,0
T13614,C100044,2024-12-02,email,,46,0
T66991,C101051,2023-12-11,chat,,26,0
T16835,C100047,2023-05-25,email,billing,187,0
T31375,C100888,2024-11-15,email,general,192,0
T89704,C100165,2023-01-09,chat,,287,1
T94941,C100816,2024-03-27,,billing,140,1
T78549,C100502,2021-01-09,whatsapp,,225,0
T50596,C101156,2022-01-24,phone,general,68,1
T22861,C101060,2021-01-12,phone,general,204,1
T75714,C100600,2022-10-05,,billing,69,0
T44752,C100337,2021-07-23,chat,technical,134,0
T56119,C101376,2021-10-12,,technical,13,0
T62993,C100650,2023-12-20,,,203,0
T41981,C101331,2025-01-24,,billing,203,0
T40621,C101330,2023-11-17,email,general,171,0
T20117,C100821,2023-06-28,email,technical,118,1
T45474,C101032,2024-11-26,chat,,136,0
T14490,C101426,2023-07-26,phone,,164,0
T31187,C101474,2024-05-29,phone,general,226,0
T61004,C101004,2024-09-05,email,,81,0
T22296,C100626,2024-12-28,chat,,94,1
T57366,C101335,2021-04-01,,,258,0
T12184,C100145,2024-12-06,chat,general,229,1
T91027,C100719,2023-12-17,phone,,82,1
T99688,C100537,2024-06-01,email,billing,278,0
T48538,C100467,2024-11-10,whatsapp,,51,1
T14886,C101200,2021-02-15,phone,,285,0
T76381,C101128,2022-07-11,chat,,174,1
T16717,C100500,2021-02-06,email,billing,147,1
T96478,C100095,2021-12-30,chat,billing,288,1
T46075,C101028,2023-09-25,chat,general,151,1
T21891,C100217,2022-12-08,whatsapp,technical,239,0
T25463,C100179,2022-04-22,whatsapp,,136,0
T38609,C100689,2021-02-10,email,general,136,0
T35114,C101087,2024-02-07,email,billing,261,0
T13175,C100148,2021-11-22,,,208,0
T14000,C101328,2021-07-20,,billing,124,0
T75915,C101019,2024-08-06,whatsapp,,27,0
T30904,C101061,2023-06-18,,billing,221,0
T91802,C100221,2022-08-30,phone,billing,15,1
T24388,C100582,2023-01-10,chat,general,189,1
T86097,C101415,2021-08-31,phone,,152,1
T37984,C101364,2023-09-20,email,,38,1
T63737,C100146,2023-10-24,email,general,173,1
T94459,C100584,2024-12-07,email,,182,0
T83281,C100801,2023-03-18,,,9,1
T99934,C100273,2023-04-21,whatsapp,billing,83,1
T79546,C100290,2021-07-15,,general,167,0
T87903,C100126,2021-03-12,chat,billing,108,0
T59556,C100805,2023-04-12,phone,,261,1
T89018,C101441,2023-04-10,email,,25,1
T97951,C100599,2021-09-29,phone,technical,232,0
T98414,C101313,2023-10-24,chat,,33,1
T86631,C100207,2023-05-17,,,89,0
T93690,C100297,2022-10-23,,,267,1
T51491,C100217,2021-03-11,phone,technical,8,1
T35822,C100089,2021-05-09,email,,3,1
T53905,C101037,2024-02-04,chat,,259,1
T12722,C100500,2022-08-08,phone,technical,143,0
T40399,C101110,2023-06-10,whatsapp,billing,132,1
T56505,C101333,2023-06-06,whatsapp,,124,0
T71034,C100277,2021-02-07,phone,billing,280,0
T62901,C100955,2021-05-08,,,270,1
T65655,C101301,2024-01-29,whatsapp,,199,1
T20033,C100065,2024-08-18,email,,290,0
T58153,C101172,2023-09-19,phone,,157,0
T62876,C101401,2021-05-07,phone,billing,256,1
T32642,C101300,2021-01-12,whatsapp,general,123,1
T58886,C101420,2024-12-17,email,billing,143,0
T28789,C101352,2022-04-08,email,,92,0
T78332,C101267,2023-03-17,whatsapp,general,126,0
T61656,C100520,2022-04-05,,technical,269,0
T54328,C100844,2022-03-14,phone,technical,289,1
T40445,C100260,2024-04-18,phone,technical,292,0
T38578,C100219,2021-10-22,,general,271,1
T20680,C101267,2023-06-12,chat,billing,100,0
T20307,C100797,2025-01-01,whatsapp,general,37,1
T34230,C100871,2022-02-02,email,,194,0
T75811,C100000,2023-07-14,whatsapp,general,60,0
T49622,C100608,2021-11-03,email,technical,226,0
T70016,C100371,2023-10-05,chat,,263,1
T11573,C100648,2024-10-23,chat,technical,88,1
T66592,C100228,2021-12-03,email,,239,1
T47756,C100876,2022-10-24,phone,billing,102,1
T76307,C100776,2021-05-06,phone,billing,268,1
T56003,C100635,2024-06-17,,general,17,0
T82422,C100543,2024-12-24,whatsapp,billing,231,0
T61453,C100557,2021-11-05,whatsapp,,9,1
T77611,C100868,2024-05-31,,,56,0
T92048,C100265,2021-11-05,email,billing,143,0
T72949,C100881,2021-05-29,,,265,0
T55369,C101264,2024-03-28,whatsapp,general,17,1
T49891,C101062,2021-05-03,,general,299,1
T17532,C100736,2021-11-07,chat,general,163,0
T24487,C100832,2021-07-31,email,technical,260,1
T99790,C100064,2021-05-09,email,general,104,0
T79670,C100506,2023-06-23,,,78,0
T71000,C100671,2021-02-25,whatsapp,billing,231,0
T57335,C100100,2022-10-27,phone,general,130,0
T44274,C101145,2022-09-24,phone,,209,1
T34032,C100561,2021-08-21,email,,108,0
T47764,C100326,2023-04-05,,,17,1
T24770,C100394,2024-09-23,,,73,1
T93501,C101113,2024-12-30,chat,billing,211,0
T81986,C100588,2024-05-31,email,general,66,1
T32052,C101182,2023-09-24,,,33,1
T15250,C100193,2022-07-18,chat,general,128,0
T15840,C100672,2022-11-15,,billing,84,1
T29712,C100435,2023-02-02,email,,38,0
T85159,C100981,2022-07-01,whatsapp,billing,75,0
T25527,C100115,2021-06-29,whatsapp,general,38,1
T52383,C101280,2022-03-05,phone,billing,259,1
T80849,C100516,2023-04-20,email,,70,0
T51045,C100904,2021-06-23,whatsapp,,157,0
T36780,C100073,2023-05-11,phone,,287,1
T12653,C100601,2024-09-12,,general,22,1
T98659,C100508,2021-10-29,email,,213,1
T71415,C100535,2024-06-18,email,,262,0
T39339,C100330,2024-11-01,chat,,169,1
T52748,C101376,2022-06-09,chat,technical,156,0
T36459,C101145,2021-11-24,,,38,0
T79859,C100661,2023-01-07,chat,,34,1
T98162,C101342,2024-03-06,phone,billing,298,1
T19033,C100138,2022-02-09,,technical,18,1
T81882,C100368,2023-12-31,chat,,134,1
T74058,C100684,2021-12-17,chat,general,297,1
T54271,C100748,2023-01-29,chat,technical,157,0
T37442,C100825,2024-06-27,phone,technical,80,1
T41457,C100703,2024-09-25,,technical,292,1
T45519,C100280,2023-09-10,whatsapp,general,135,0
T92490,C101455,2025-01-02,phone,technical,97,0
T21013,C100182,2024-07-03,chat,technical,28,0
T32007,C100846,2022-06-17,,technical,6,0
T67668,C100509,2024-10-21,email,technical,217,0
T20896,C100014,2021-06-04,email,,286,1
T75041,C100110,2023-10-14,email,,231,0
T27581,C101362,2022-06-23,email,,175,0
T69762,C100054,2023-10-05,phone,technical,135,1
T29236,C101436,2024-12-22,email,,162,1
T86095,C100465,2022-12-19,chat,,124,0
T15234,C100931,2023-01-10,whatsapp,technical,111,0
T36699,C100358,2023-06-24,email,billing,7,1
T20674,C100164,2024-06-28,,,47,0
T46905,C100235,2024-09-14,,,124,1
T52389,C100827,2021-08-26,chat,,74,1
T25957,C101058,2022-12-03,email,technical,151,1
T47974,C100004,2024-04-30,chat,general,12,0
T95248,C100586,2023-02-20,phone,,292,1
T51230,C100546,2023-02-20,whatsapp,billing,118,1
T60544,C100039,2022-08-19,phone,,292,1
T70939,C100555,2022-07-08,,,206,0
T68046,C101185,2023-02-15,email,billing,57,1
T83570,C101413,2022-03-31,whatsapp,technical,285,0
T86523,C100857,2022-12-25,,general,147,0
T59878,C101337,2021-05-26,chat,billing,156,1
T48945,C100690,2022-07-08,email,,90,1
T34631,C100389,2024-02-14,phone,general,237,0
T16565,C100489,2024-03-27,phone,general,270,0
T31373,C101430,2023-02-23,email,,38,0
T60061,C100786,2023-06-18,phone,,180,1
T68262,C100315,2024-12-08,email,technical,253,1
T59701,C100722,2023-01-13,,general,189,1
T46321,C101388,2022-04-04,phone,technical,140,1
T26637,C100775,2023-05-07,chat,general,205,1
T57547,C100292,2021-05-20,,general,181,0
T11101,C100577,2024-05-17,email,billing,71,0
T40405,C100852,2024-05-18,phone,billing,116,0
T72124,C100396,2021-10-20,phone,general,288,0
T98851,C100284,2021-07-14,chat,,18,1
T97799,C101220,2021-12-30,phone,general,76,0
T99020,C100503,2023-03-09,whatsapp,technical,96,0
T98668,C100476,2022-01-16,email,billing,190,0
T58100,C100384,2023-01-22,email,general,297,1
T72642,C100654,2021-09-09,email,general,97,1
T13900,C100864,2024-02-25,email,general,247,1
T81745,C100467,2022-07-03,chat,,212,1
T63123,C101209,2023-09-03,chat,,55,1
T51836,C100201,2021-07-26,chat,technical,41,0
T80115,C100153,2022-08-04,email,billing,27,0
T56968,C100644,2022-10-06,chat,billing,32,0
T39431,C101131,2023-01-04,whatsapp,general,168,0
T77470,C100831,2022-03-20,email,billing,256,1
T22036,C100322,2021-02-25,email,billing,99,1
T92092,C100495,2021-03-22,email,,279,0
T80802,C101294,2022-03-12,phone,billing,210,0
T19823,C100584,2021-10-27,,,245,0
T28695,C100585,2024-12-17,phone,billing,157,1
T36642,C101410,2022-07-12,phone,,200,1
T83583,C100509,2023-08-20,chat,billing,25,1
T77072,C101090,2021-05-17,chat,billing,206,1
T94168,C100560,2024-01-20,,,55,1
T18475,C101415,2021-05-30,whatsapp,,26,1
T18630,C101404,2023-02-12,chat,,277,1
T77821,C101009,2022-08-31,phone,,37,1
T14973,C100336,2022-09-06,email,,123,0
T72898,C100410,2023-03-21,,technical,13,1
T17064,C100638,2022-03-16,chat,technical,101,0
T55865,C100503,2021-04-09,phone,technical,215,0
T80928,C100356,2021-06-27,email,general,118,0
T97935,C100958,2024-06-09,,billing,191,0
T11057,C101289,2023-06-25,,,99,0
T42767,C100215,2021-12-09,phone,technical,164,0
T40086,C100390,2021-10-08,,general,41,0
T90031,C100817,2022-06-30,chat,technical,99,0
T13442,C101472,2021-01-13,chat,technical,239,0
T21052,C100884,2021-05-14,whatsapp,billing,235,0
T89544,C100773,2021-04-15,,,108,1
T89088,C100046,2021-03-02,email,,299,0
T31963,C100467,2024-05-12,,,32,1
T70621,C100665,2024-07-18,chat,,138,1
T31857,C101137,2023-11-12,chat,,218,1
T34401,C100304,2024-02-21,whatsapp,,223,1
T87086,C100848,2021-03-30,whatsapp,,259,1
T70482,C100718,2021-12-20,email,billing,39,0
T71621,C100728,2024-05-14,phone,technical,246,1
T73806,C100157,2021-03-15,whatsapp,,135,1
T31969,C101005,2021-06-08,chat,,82,1
T73574,C100060,2022-09-18,phone,billing,62,0
T51350,C100696,2024-05-31,,general,258,0
T99057,C100752,2023-09-25,email,,231,0
T25719,C101264,2024-09-05,phone,,272,0
T27927,C101069,2024-03-06,chat,technical,183,0
T97534,C100669,2023-12-12,chat,,114,0
T60356,C100771,2024-12-13,chat,billing,39,1
T90640,C101289,2024-07-06,whatsapp,,37,0
T51415,C100245,2022-10-13,whatsapp,billing,36,0
T12035,C101315,2021-07-07,phone,,7,1
T18147,C100555,2022-01-05,chat,technical,60,0
T35251,C100783,2022-10-03,whatsapp,,199,1
T22514,C100733,2023-12-20,phone,,104,0
T91138,C100044,2021-01-30,email,technical,79,1
T82336,C100638,2024-07-04,whatsapp,,270,0
T87007,C100856,2024-12-29,phone,general,36,0
T69368,C100941,2022-11-20,phone,,39,0
T65591,C100464,2021-02-28,email,,51,1
T98352,C100227,2023-11-30,whatsapp,,210,0
T73493,C100453,2022-01-06,email,,177,0
T18258,C100867,2021-08-19,email,billing,41,0
T57744,C100000,2021-08-27,,,246,1
T20654,C101159,2022-05-05,,billing,291,0
T75038,C100417,2021-06-13,email,,200,0
T65153,C100179,2022-06-29,,general,102,0
T88398,C100280,2021-10-20,chat,billing,87,0
T89914,C100935,2022-04-01,phone,,244,0
T88703,C100342,2021-11-05,chat,billing,213,0
T39978,C100443,2024-04-24,email,technical,100,1
T54995,C100157,2023-04-11,chat,billing,26,1
T93928,C100239,2021-11-14,whatsapp,technical,55,1
T53321,C100075,2025-01-14,chat,technical,141,0
T91735,C100872,2023-10-30,whatsapp,general,44,0
T70057,C100031,2022-08-17,whatsapp,,151,0
T43923,C101140,2023-10-01,email,general,118,1
T86259,C100331,2023-08-17,phone,technical,278,0
T87513,C100893,2023-06-14,chat,general,215,0
T99092,C100641,2024-03-02,chat,general,235,0
T90029,C101432,2021-04-19,email,,234,1
T10159,C100221,2024-04-26,email,billing,245,1
T97172,C101073,2024-12-27,whatsapp,,211,0
T65730,C100737,2024-04-22,chat,technical,65,1
T37956,C101232,2024-12-14,,general,151,1
T51224,C100226,2023-10-01,phone,,230,0
T84786,C101471,2021-03-29,,billing,48,0
T66814,C100030,2021-12-20,email,,232,1
T15148,C100525,2021-11-07,phone,technical,131,0
T43593,C101074,2021-01-08,email,general,55,0
T33416,C101461,2021-12-10,email,,292,1
T40928,C100750,2023-10-23,whatsapp,,75,1
T38415,C101249,2021-08-20,whatsapp,,49,1
T19584,C100639,2022-02-21,phone,general,299,0
T95627,C100769,2022-06-05,,,17,1
T90850,C100513,2023-04-23,,,175,0
T67727,C100753,2021-01-14,whatsapp,billing,119,0
T70895,C101182,2021-12-06,whatsapp,,90,1
T18039,C100360,2023-12-28,phone,,60,0
T13866,C100952,2024-10-29,,billing,111,0
T49948,C100915,2022-08-03,phone,general,55,1
T90775,C100951,2023-12-15,chat,billing,220,0
T51152,C101495,2022-07-20,whatsapp,billing,56,1
T88828,C100018,2021-10-13,email,,267,1
T53841,C100338,2024-06-13,chat,,274,0
T91136,C100870,2023-09-19,whatsapp,technical,168,1
T57518,C100567,2021-04-08,,general,83,0
T68441,C100347,2022-05-11,chat,technical,62,0
T28693,C100691,2024-05-31,,general,220,0
T23163,C101121,2022-01-25,,technical,264,0
T44242,C100150,2023-05-05,email,technical,213,0
T19329,C100817,2023-11-06,whatsapp,,24,0
T31179,C100195,2023-11-17,,,264,0
T56002,C100154,2021-06-17,chat,general,197,1
T86658,C101401,2022-10-29,phone,,129,1
T27965,C100609,2023-11-30,phone,billing,136,0
T98200,C100803,2023-05-14,chat,technical,51,1
T70345,C101425,2024-02-15,chat,general,128,1
T50350,C100602,2021-01-27,phone,billing,137,0
T31638,C100229,2024-10-24,email,,265,0
T54747,C100136,2023-04-17,chat,billing,276,0
T62684,C100324,2024-08-04,chat,technical,186,0
T11224,C100959,2021-06-05,whatsapp,technical,273,0
T33021,C100909,2024-03-02,whatsapp,,174,1
T70526,C101008,2022-10-29,email,,270,1
T15933,C100209,2021-01-20,email,billing,292,1
T25836,C100100,2024-01-28,phone,general,265,1
T62729,C101401,2024-02-18,chat,technical,66,0
T84101,C100877,2023-12-13,,,145,1
T12020,C100522,2023-09-09,chat,general,125,0
T87094,C100345,2022-09-10,phone,billing,222,0
T19963,C101469,2025-01-30,phone,technical,131,1
T66269,C100610,2023-12-14,,technical,235,0
T28727,C100849,2022-01-29,email,general,43,1
T13852,C100319,2021-10-30,phone,,265,0
T42811,C100033,2023-01-12,chat,,206,1
T49743,C100736,2022-12-11,phone,billing,290,1
T70260,C100237,2021-03-02,,billing,132,1
T40233,C101434,2021-09-10,whatsapp,,91,0
T53177,C101333,2023-04-25,phone,technical,231,0
T23810,C101010,2024-03-02,email,general,19,1
T40864,C100901,2021-02-21,,,29,0
T12305,C100017,2024-04-09,email,,159,1
T50804,C101133,2024-12-25,phone,technical,49,0
T39017,C100978,2022-01-30,,billing,165,1
T65492,C101151,2023-10-04,phone,,205,1
T33927,C100294,2024-02-11,phone,technical,87,1
T39312,C100367,2021-05-12,,,21,1
T10986,C100452,2022-04-11,email,technical,68,0
T35616,C100293,2024-10-13,chat,,41,0
T59646,C101040,2023-10-28,,general,246,0
T64739,C101271,2021-10-28,whatsapp,,54,1
T22062,C100484,2025-02-05,email,,122,0
T33898,C100716,2021-07-13,,general,142,0
T62880,C100930,2023-06-17,,,254,1
T61245,C100469,2023-07-29,,technical,65,1
T68283,C100802,2022-07-16,,,204,0
T64265,C100620,2024-07-06,chat,billing,20,1
T80444,C100539,2022-10-20,whatsapp,technical,26,1
T55721,C100266,2023-02-20,chat,technical,51,1
T87249,C100186,2022-10-26,,billing,150,1
T66002,C100406,2023-10-29,phone,,21,0
T99114,C101207,2022-05-18,whatsapp,,24,1
T80082,C101198,2023-12-16,chat,general,298,0
T73853,C100986,2021-09-04,phone,billing,5,0
T20306,C100360,2024-09-19,phone,billing,125,1
T24435,C100708,2021-05-13,email,technical,197,0
T92317,C100813,2021-05-19,chat,technical,222,1
T22446,C101149,2024-10-18,email,,191,1
T40929,C100351,2024-02-20,,,131,0
T26007,C101454,2021-05-22,email,technical,218,1
T60940,C100909,2023-10-11,phone,technical,119,1
T56555,C100274,2023-08-05,phone,,166,0
T33821,C101282,2022-10-05,whatsapp,billing,108,1
T10227,C101060,2021-05-06,,,277,0
T66096,C100465,2021-04-26,whatsapp,,169,0
T25474,C100993,2024-08-08,email,billing,143,1
T57639,C100024,2021-03-19,phone,,290,1
T96455,C100174,2021-06-10,chat,,222,0
T98846,C100039,2021-09-02,chat,,43,0
T54670,C100578,2021-08-24,phone,,238,1
T10391,C100022,2022-04-26,,,293,0
T72748,C100719,2023-05-07,phone,general,220,0
T11095,C101013,2023-01-01,,,37,0
T85867,C100259,2024-04-02,email,general,245,1
T79126,C100345,2022-05-19,whatsapp,billing,44,0
T48545,C101000,2024-09-07,phone,general,111,1
T86670,C101257,2021-09-18,whatsapp,technical,197,1
T97192,C101453,2024-05-13,email,technical,269,1
T35434,C100466,2024-08-09,phone,,38,1
T22572,C100226,2024-06-15,chat,technical,18,0
T51227,C100993,2023-07-07,email,general,104,0
T17646,C100374,2022-11-18,email,general,250,1
T26937,C100947,2024-10-10,email,,271,0
T81626,C100716,2023-04-16,phone,general,224,0
T76620,C101092,2022-08-13,phone,general,146,0
T17716,C100342,2023-06-25,,billing,216,0
T66578,C101043,2022-11-05,whatsapp,billing,269,0
T28036,C101459,2025-01-15,whatsapp,billing,53,0
T57755,C101067,2024-03-31,chat,general,126,1
T95078,C101403,2023-10-10,phone,,299,0
T56981,C100995,2023-03-26,email,,129,0
T63086,C100431,2023-08-18,chat,,187,0
T31401,C100961,2022-12-18,whatsapp,,131,0
T32213,C100619,2023-08-09,chat,billing,260,1
T46265,C100391,2023-01-26,chat,,170,0
T35418,C101498,2024-02-26,,,30,0
T65878,C100755,2024-10-11,,,194,1
T79934,C101138,2022-02-06,chat,,286,0
T42902,C100022,2022-01-27,chat,,269,0
T92668,C100808,2022-02-10,phone,technical,223,1
T31261,C101273,2021-09-28,chat,technical,222,0
T96024,C100128,2023-05-22,email,general,193,1
T75126,C100753,2023-10-27,email,,57,0
T58767,C101424,2023-04-26,,billing,132,1
T49730,C100639,2022-02-06,chat,billing,32,0
T71758,C101165,2024-05-19,email,billing,73,0
T71702,C100106,2021-05-27,phone,general,71,1
T11901,C100773,2024-03-16,phone,,103,0
T41698,C101000,2022-12-05,,billing,212,0
T95802,C100865,2024-02-17,phone,,72,0
T29719,C101376,2021-05-07,whatsapp,,88,1
T47379,C100185,2023-11-10,whatsapp,technical,213,0
T23411,C100235,2024-07-09,chat,general,108,1
T32934,C100842,2021-01-07,whatsapp,,97,0
T13769,C100554,2022-07-18,,,169,0
T68938,C100150,2023-06-29,chat,technical,200,0
T86280,C100203,2022-11-21,whatsapp,,59,1
T34001,C100786,2023-06-08,phone,general,170,1
T31009,C100267,2022-11-07,whatsapp,,182,0
T26094,C100452,2023-11-27,whatsapp,,177,1
T84510,C100920,2023-05-03,email,,206,1
T15887,C101325,2021-05-18,whatsapp,general,284,0
T42943,C100018,2024-03-12,chat,,16,1
T95932,C100182,2022-04-20,chat,billing,275,0
T67961,C101019,2022-02-07,whatsapp,,177,0
T28738,C101313,2021-01-11,,billing,43,0
T69308,C101436,2023-05-26,chat,general,84,0
T77560,C100573,2022-07-03,phone,,98,1
T97997,C100934,2023-06-19,email,technical,259,0
T98236,C101397,2021-12-13,phone,,54,0
T72407,C101253,2024-07-19,email,general,215,1
T61573,C100864,2022-09-09,chat,billing,296,0
T59022,C100807,2024-11-09,,billing,101,1
T83425,C101008,2021-10-10,chat,billing,200,0
T89565,C101304,2021-03-12,,general,134,1
T78126,C100904,2025-01-17,chat,,244,0
T67812,C100776,2021-01-02,,,222,0
T50708,C100396,2022-04-18,email,technical,45,1
T90103,C100385,2023-07-13,chat,,123,1
T67742,C100942,2021-10-21,,general,42,1
T70472,C100513,2023-06-16,,general,113,0
T97673,C100036,2024-06-28,phone,general,196,1
T39277,C100384,2023-03-09,phone,technical,114,0
T44754,C100021,2024-02-15,chat,billing,85,0
T73956,C100035,2021-09-08,,,156,1
T59615,C100802,2023-01-09,whatsapp,technical,252,1
T95589,C100178,2021-09-26,phone,,163,1
T24268,C101086,2024-02-29,email,,122,1
T72050,C101343,2022-11-11,,,82,0
T81968,C100004,2022-09-02,whatsapp,billing,255,0
T29260,C100358,2022-07-16,phone,technical,295,1
T12656,C100362,2021-07-24,email,,225,1
T58115,C100667,2023-05-27,whatsapp,,65,1
T62348,C100003,2021-06-18,email,general,133,1
T15952,C101228,2024-01-19,phone,general,42,0
T37198,C101193,2022-12-22,chat,technical,230,0
T75443,C100798,2025-02-02,chat,billing,121,1
T74943,C100536,2022-02-07,,billing,290,0
T58268,C101335,2022-07-10,phone,billing,28,0
T17069,C100649,2024-06-11,chat,technical,7,0
T25960,C100210,2023-04-21,chat,billing,21,0
T93422,C100826,2024-08-11,whatsapp,,279,1
T47330,C101359,2021-08-08,chat,,269,0
T38384,C100793,2023-11-28,,general,197,1
T99478,C101219,2021-10-08,chat,technical,161,0
T64554,C100031,2023-08-04,phone,general,266,0
T69077,C101474,2021-04-08,phone,general,217,1
T43586,C101137,2022-12-21,,technical,89,0
T15719,C100571,2022-09-05,email,general,12,0
T40057,C101211,2021-11-11,email,general,220,0
T75477,C100597,2023-03-15,chat,,19,0
T24941,C101429,2024-09-06,,,19,0
T58108,C100685,2025-01-14,email,,12,1
T10010,C100299,2023-11-20,chat,billing,123,0
T20278,C101128,2022-02-26,whatsapp,,197,0
T92499,C101262,2024-03-25,,,22,0
T30368,C100230,2022-06-29,,,275,1
T59158,C100900,2024-06-04,,billing,260,0
T92425,C100602,2024-12-07,,billing,8,0
T32224,C100824,2022-08-03,chat,technical,122,1
T16891,C100153,2024-08-07,whatsapp,,103,0
T17459,C101292,2024-08-15,chat,,246,1
T21631,C100167,2023-04-06,whatsapp,,277,1
T73490,C101291,2021-05-03,whatsapp,billing,6,1
T12676,C100966,2024-05-12,whatsapp,general,202,1
T41745,C100759,2022-11-21,email,billing,17,1
T91115,C100406,2022-01-18,email,,116,1
T50906,C101379,2021-07-26,email,,238,0
T19338,C100956,2024-10-27,chat,technical,262,0
T66363,C100109,2023-07-25,email,general,26,1
T15937,C100429,2024-01-21,whatsapp,general,84,0
T95354,C101095,2022-10-02,phone,technical,20,1
T59317,C100857,2023-05-21,phone,general,138,0
T97238,C101105,2021-03-25,,general,100,1
T37073,C101175,2022-04-24,whatsapp,general,133,1
T83020,C100250,2021-02-16,phone,,293,1
T47323,C101176,2022-06-27,whatsapp,,88,1
T76763,C101275,2022-09-18,chat,,209,1
T10905,C100958,2021-09-25,phone,,44,0
T69318,C101106,2024-06-08,chat,technical,154,1
T48569,C100369,2024-02-01,email,,295,0
T97643,C100812,2025-03-02,chat,technical,35,0
T73816,C100248,2023-01-28,phone,,14,0
T43757,C100063,2023-12-01,whatsapp,general,48,0
T37943,C101433,2023-11-22,whatsapp,,263,1
T51163,C100468,2021-11-05,phone,technical,39,1
T42276,C100526,2024-03-15,whatsapp,,21,1
T88502,C100812,2024-05-06,chat,,20,0
T41411,C100751,2022-03-23,phone,,205,1
T56530,C101136,2021-10-27,whatsapp,technical,205,1
T47375,C101358,2024-04-29,chat,,117,1
T92652,C100426,2024-07-10,whatsapp,billing,9,0
T50135,C100294,2024-08-22,,,113,1
T28397,C101083,2022-11-13,email,general,135,1
T75234,C101244,2021-11-14,email,,35,0
T46923,C100410,2022-03-17,chat,general,221,0
T40039,C100013,2023-12-06,email,general,152,1
T47492,C101140,2023-12-26,email,technical,159,0
T42454,C101348,2021-07-25,whatsapp,,109,0
T44858,C100816,2024-03-22,phone,,187,0
T88509,C100589,2021-07-25,,billing,278,0
T84363,C100401,2023-05-04,,technical,92,0
T48049,C100537,2022-08-06,whatsapp,general,216,1
T39472,C100224,2021-08-17,whatsapp,,159,0
T61808,C100932,2021-07-11,email,technical,199,1
T61288,C100972,2022-08-09,phone,technical,67,1
T78564,C101057,2024-03-11,,,29,0
T11619,C101290,2021-05-09,phone,,234,0
T65170,C100071,2023-06-08,email,general,17,0
T48486,C101045,2021-03-11,whatsapp,,175,1
T92949,C101378,2022-05-04,chat,billing,102,1
T69799,C100372,2023-09-04,phone,general,10,0
T44703,C101352,2022-08-10,chat,,213,0
T43982,C100426,2021-01-18,whatsapp,,112,1
T45778,C100447,2021-05-25,chat,general,153,0
T36499,C100645,2023-05-19,whatsapp,,190,1
T77218,C101209,2021-09-06,email,general,89,0
T82230,C101245,2022-04-04,email,general,59,1
T62578,C100808,2023-03-14,,technical,116,0
T17084,C101135,2023-11-27,whatsapp,billing,253,1
T30414,C100260,2024-05-10,,billing,228,1
T52668,C101230,2024-11-13,,technical,141,1
T22006,C100351,2024-12-11,phone,technical,220,1
T73990,C100391,2024-02-12,phone,general,155,0
T30812,C100520,2022-05-23,,,104,0
T78638,C100595,2021-08-12,email,technical,76,1
T17988,C100063,2023-08-19,chat,,72,1
T38332,C101301,2021-03-21,email,technical,47,0
T35680,C100893,2021-10-03,phone,general,279,0
T42423,C100485,2022-01-18,email,,28,0
T12597,C101307,2022-02-22,email,,224,1
T14285,C100393,2021-05-01,whatsapp,,281,1
T32351,C100609,2021-03-01,email,billing,200,1
T73803,C100977,2025-01-08,email,technical,273,0
T58608,C101401,2021-01-28,chat,general,65,0
T17401,C101215,2022-08-30,email,,114,0
T64234,C100256,2022-03-01,chat,technical,81,0
T87921,C100854,2021-04-30,chat,technical,187,1
T90924,C100753,2022-01-31,whatsapp,,255,1
T67819,C101201,2023-07-28,,,2,1
T65042,C101387,2023-04-23,phone,,276,0
T39715,C100142,2022-07-05,phone,,222,0
T21798,C100159,2022-03-11,chat,billing,200,1
T74693,C100147,2022-05-09,whatsapp,general,55,1
T14226,C100982,2021-12-01,chat,billing,146,0
T15017,C100250,2022-07-12,email,general,45,1
T39240,C101007,2024-08-26,phone,,11,0
T42332,C100641,2022-10-25,phone,general,200,0
T84743,C100208,2023-01-14,phone,technical,289,0
T81087,C101040,2024-11-05,,,120,1
T48010,C100291,2023-07-06,,technical,199,0
T24889,C100040,2021-11-11,,general,169,0
T26175,C101127,2022-02-11,chat,,91,1
T41802,C100746,2022-07-25,email,,105,0
T93401,C100816,2022-03-05,,billing,28,0
T80953,C101425,2023-07-03,phone,general,168,0
T96527,C100106,2023-03-21,email,general,279,0
T23124,C100450,2024-07-25,whatsapp,,28,0
T11893,C100769,2023-06-11,chat,technical,134,1
T95671,C101473,2022-10-01,,technical,140,0
T66558,C100761,2024-11-18,,billing,7,0
T44721,C100781,2023-10-08,email,billing,8,1
T90015,C100487,2023-12-13,chat,general,9,1
T45086,C100691,2023-03-02,whatsapp,,7,1
T78920,C100759,2024-05-01,,technical,53,0
T52419,C101242,2023-02-19,whatsapp,,92,1
T72852,C101196,2023-05-31,email,billing,90,0
T11348,C100885,2022-12-11,whatsapp,general,74,0
T11740,C101497,2021-01-22,whatsapp,,263,1
T43712,C101044,2024-09-23,chat,general,44,0
T89007,C100187,2021-08-30,phone,,126,1
T37800,C100814,2022-03-22,phone,,245,0
T64640,C101116,2022-04-14,email,,294,1
T87456,C101045,2024-11-07,,general,128,0
T15789,C101447,2023-06-12,whatsapp,billing,189,0
T80058,C100019,2023-10-18,phone,billing,96,1
T50889,C101027,2022-08-31,email,technical,144,0
T88974,C100573,2022-03-22,,technical,299,1
T75853,C101070,2021-04-10,,,265,0
T59442,C101453,2024-06-18,whatsapp,,201,0
T89858,C100776,2023-09-20,whatsapp,,184,0
T95301,C101114,2021-01-24,phone,billing,159,1
T35975,C100525,2021-11-12,email,general,188,0
T14582,C100229,2023-07-04,phone,,263,1
T37488,C101391,2022-03-14,phone,billing,95,1
T95581,C100086,2021-04-14,email,technical,92,0
T98565,C100501,2023-06-21,whatsapp,technical,211,0
T85324,C100000,2023-06-30,phone,,164,0
T53691,C101001,2021-03-17,whatsapp,general,140,0
T29140,C100474,2021-10-11,,technical,73,1
T79075,C100831,2022-05-14,,billing,272,0
T69084,C100579,2021-12-10,phone,,283,0
T11049,C100787,2023-04-18,phone,billing,11,0
T17594,C101312,2024-09-02,chat,,111,1
T36726,C100096,2024-05-01,chat,general,180,1
T20973,C101441,2021-06-28,phone,,208,0
T50018,C100262,2023-02-03,phone,billing,280,0
T11509,C101159,2022-11-22,email,general,45,0
T87111,C101443,2022-11-19,,,205,0
T31907,C100603,2023-07-10,email,technical,278,1
T22073,C101323,2022-09-11,chat,general,100,0
T49875,C101240,2021-01-17,email,,70,0
T17514,C100871,2021-04-09,phone,,36,1
T83841,C101471,2023-08-10,,billing,251,0
T72203,C100652,2023-08-22,phone,,108,1
T92372,C100784,2022-02-13,,,28,1
T74537,C100764,2024-06-26,chat,,298,1
T94940,C100993,2022-10-14,phone,,209,0
T54795,C100069,2021-11-09,,,253,1
T77972,C100027,2024-03-14,email,,258,1
T15137,C100926,2024-10-21,,billing,19,0
T90180,C100387,2024-10-07,chat,,189,0
T94401,C100694,2024-05-12,,technical,94,1
T81634,C100473,2021-10-08,whatsapp,billing,296,1
T24172,C100698,2024-08-26,,general,273,0
T23293,C100102,2023-07-11,phone,,155,1
T52579,C100460,2021-02-21,whatsapp,technical,273,0
T37707,C101076,2021-05-15,,,16,0
T53851,C100610,2023-11-24,whatsapp,billing,195,0
T99534,C100870,2023-05-21,chat,,13,1
T45964,C100187,2022-04-29,phone,general,86,1
T98707,C100218,2022-10-30,phone,technical,225,0
T95971,C101288,2021-08-02,chat,,214,0
T80433,C101378,2023-11-30,chat,billing,126,1
T71834,C100186,2023-11-08,,,260,1
T95111,C101248,2023-03-23,whatsapp,general,212,1
T63471,C100873,2021-04-30,,general,242,1
T92089,C101039,2023-08-26,phone,general,91,0
T96924,C101103,2024-10-25,whatsapp,billing,131,1
T73630,C100598,2021-03-13,email,technical,154,1
T75669,C100076,2021-03-07,,billing,51,0
T14241,C101140,2023-08-26,,billing,175,0
T98780,C100448,2022-09-09,whatsapp,general,103,1
T28547,C100612,2024-06-24,phone,billing,174,0
T49860,C100517,2024-09-29,,,156,0
T44741,C101318,2024-12-31,whatsapp,billing,19,1
T40561,C100057,2021-04-28,phone,billing,106,0
T19450,C100623,2021-05-15,email,billing,50,1
T78742,C101144,2023-11-08,chat,billing,134,1
T38804,C100147,2022-09-25,phone,general,17,0
T23540,C101188,2023-09-13,email,,217,0
T98237,C100162,2024-09-19,whatsapp,,23,0
T99799,C100627,2025-01-01,whatsapp,technical,57,1
T33941,C101123,2021-07-07,chat,,151,0
T60199,C101470,2023-07-14,,,219,0
T78466,C100680,2023-07-25,email,general,132,0
T66149,C100593,2022-10-17,email,,63,0
T22170,C101206,2021-02-21,phone,billing,38,1
T14633,C100324,2021-10-06,whatsapp,,172,1
T88341,C100905,2021-11-01,whatsapp,technical,249,0
T53545,C101446,2023-07-19,whatsapp,,1,1
T54894,C100110,2024-03-03,chat,general,122,0
T78550,C100523,2021-03-01,whatsapp,technical,94,1
T66456,C100877,2023-11-16,chat,billing,22,1
T15882,C101340,2023-08-01,phone,billing,75,0
T70335,C100529,2023-01-25,email,,278,1
T39012,C101341,2021-01-13,phone,,204,0
T87461,C100993,2021-04-30,chat,billing,187,0
T25792,C100312,2024-02-26,chat,general,220,1
T15193,C100422,2022-09-27,,,55,0
T19613,C101015,2023-05-30,chat,,105,0
T97485,C101029,2024-11-06,chat,technical,211,0
T37325,C100035,2024-03-13,,billing,175,0
T43122,C100360,2024-12-15,chat,,31,1
T40099,C100553,2021-11-20,phone,general,119,0
T16626,C100033,2022-02-05,,technical,238,1
T11385,C100420,2022-11-04,chat,,51,0
T41246,C101313,2021-11-05,phone,,163,1
T97729,C100441,2023-09-04,chat,,184,0
T70542,C101096,2025-01-18,whatsapp,general,200,1
T76649,C100854,2023-09-01,whatsapp,technical,182,1
T90314,C100353,2021-05-07,whatsapp,,10,0
T17650,C100693,2022-05-17,phone,,55,0
T42182,C100915,2021-09-17,phone,,220,0
T81057,C101415,2024-05-06,whatsapp,,193,1
T37525,C101353,2024-10-29,,billing,113,1
T81821,C100889,2023-08-14,phone,,49,1
T50125,C100760,2022-02-02,,general,241,0
T63016,C100949,2023-08-15,phone,billing,159,0
T19229,C101083,2021-07-10,,,91,1
T96978,C100912,2024-03-05,chat,technical,196,0
T39637,C100689,2021-08-10,phone,,241,1
T10913,C101159,2024-12-04,whatsapp,,72,0
T37558,C100579,2022-06-20,email,general,291,1
T14392,C100617,2024-02-13,email,,62,0
T35739,C101253,2023-07-10,,billing,152,0
T61238,C100089,2024-10-30,chat,general,123,0
T93982,C100624,2022-03-23,email,,15,1
T89143,C100452,2024-08-04,,technical,129,0
T57330,C101290,2024-07-28,whatsapp,technical,200,0
T72062,C101104,2022-07-17,phone,billing,9,1
T52804,C101043,2021-12-12,,,145,1
T29777,C100204,2023-11-27,phone,,114,1
T75635,C100000,2022-07-07,,general,210,0
T76098,C101432,2024-05-16,chat,billing,194,1
T32165,C101179,2022-06-17,chat,billing,53,0
T51844,C100449,2022-11-30,email,billing,194,1
T15954,C100082,2022-05-16,phone,billing,34,0
T76473,C101348,2023-05-15,email,,256,0
T62804,C100650,2023-11-28,email,general,23,1
T52880,C100677,2022-03-26,email,,88,0
T97279,C100029,2024-09-22,email,billing,162,0
T34002,C101393,2022-07-08,phone,general,39,0
T52098,C101089,2022-12-19,whatsapp,billing,112,0
T27990,C100866,2021-11-24,email,general,242,0
T44765,C100750,2022-08-17,chat,general,5,1
T38154,C100151,2022-05-19,chat,general,137,1
T11778,C100301,2024-09-05,whatsapp,,214,0
T32976,C100886,2023-08-04,phone,,126,1
T98582,C100615,2023-09-13,phone,technical,249,1
T93498,C100936,2022-07-01,email,,84,0
T71027,C100996,2021-02-24,phone,billing,85,0
T63409,C100126,2021-01-31,whatsapp,,128,1
T64024,C100409,2021-05-21,whatsapp,general,236,0
T45683,C101288,2022-07-27,chat,general,273,0
T84309,C100580,2021-06-26,,,41,0
T56422,C100007,2022-06-04,chat,billing,170,0
T71159,C101161,2022-05-14,email,,46,1
T60643,C100225,2021-12-01,,general,126,1
T27761,C101233,2021-09-19,whatsapp,,141,0
T45167,C101007,2022-09-05,,,20,1
T50321,C100835,2024-10-07,whatsapp,general,177,1
T56750,C101167,2023-04-18,phone,,256,0
T64029,C100494,2023-06-06,phone,,121,1
T86185,C101438,2022-10-25,phone,billing,17,1
T62586,C101151,2024-02-17,whatsapp,general,47,0
T18226,C100039,2023-03-18,email,billing,116,0
T15694,C100445,2021-05-22,,,69,0
T87062,C100367,2023-06-01,email,technical,218,0
T84396,C100377,2023-12-26,,technical,281,1
T84716,C100931,2021-10-19,email,billing,145,0
T36898,C101267,2023-07-25,phone,billing,265,1
T25835,C100895,2022-03-21,whatsapp,,244,1
T25077,C100731,2022-05-02,,,293,0
T84755,C101161,2024-01-21,chat,general,230,1
T99396,C101149,2021-04-02,email,,223,0
T16838,C100112,2022-05-12,email,,75,1
T18220,C100201,2022-10-12,,,114,1
T30681,C100236,2023-07-21,chat,billing,32,0
T50316,C100059,2023-02-21,phone,,199,0
T58190,C101150,2023-12-15,email,technical,287,1
T58864,C101297,2023-12-15,whatsapp,,146,1
T30298,C100892,2021-10-10,chat,general,151,0
T47119,C101111,2024-02-11,phone,billing,208,1
T29906,C100675,2022-11-05,phone,,200,0
T41887,C100062,2023-05-28,whatsapp,general,198,1
T82079,C101215,2022-04-26,phone,technical,116,1
T84812,C100432,2021-09-07,,general,163,0
T10786,C101342,2024-03-25,phone,general,213,0
T39217,C100438,2024-10-06,chat,general,66,1
T90156,C100621,2022-03-21,chat,billing,80,1
T50064,C100545,2022-06-11,chat,technical,22,1
T37825,C100726,2023-05-19,whatsapp,general,181,1
T90007,C100671,2022-03-11,,technical,177,0
T20359,C100039,2024-06-12,,billing,193,0
T82729,C100308,2024-07-30,chat,billing,62,0
T51800,C101489,2022-12-23,email,,273,1
T99650,C100572,2021-05-05,chat,,90,1
T63319,C101339,2023-02-06,,technical,169,1
T33753,C100252,2024-04-23,email,,10,0
T22561,C100478,2022-12-21,phone,general,146,0
T49866,C100782,2021-09-27,whatsapp,,82,1
T55418,C100096,2024-05-04,email,billing,152,0
T50091,C101160,2021-08-27,email,billing,178,0
T54776,C101286,2021-07-09,phone,,52,1
T72008,C101346,2021-02-21,chat,,254,0
T74804,C100242,2023-11-15,whatsapp,general,132,1
T19770,C101416,2022-12-17,whatsapp,,182,0
T12136,C101186,2022-09-16,,technical,201,0
T27766,C101115,2023-03-31,chat,technical,167,0
T98694,C100937,2021-04-23,phone,technical,52,0
T83259,C100537,2022-03-07,chat,,39,0
T40571,C100083,2021-07-25,email,,182,0
T92019,C101196,2022-06-28,chat,billing,156,0
T35292,C101312,2021-12-20,email,general,149,1
T22436,C101168,2021-05-05,phone,billing,125,0
T86055,C101034,2024-07-23,,,176,1
T68394,C100076,2021-06-01,chat,general,132,1
T98434,C100618,2024-12-15,phone,,176,0
T22802,C100959,2024-09-07,email,,3,0
T20181,C101103,2024-12-28,,,143,0
T47107,C100709,2025-02-04,phone,general,37,1
T43264,C101406,2024-02-08,chat,,164,1
T72390,C101329,2021-03-12,phone,technical,151,0
T39404,C100234,2021-05-20,,billing,252,1
T95025,C100010,2022-08-18,chat,,72,0
T38558,C101392,2023-11-23,,billing,295,1
T21793,C100336,2023-04-13,whatsapp,billing,260,0
T90347,C100521,2022-04-19,chat,,218,1
T38996,C100185,2025-01-28,chat,general,252,0
T85940,C100740,2023-03-03,phone,,138,1
T93252,C100156,2023-07-09,chat,,203,1
T77450,C101290,2021-01-03,phone,technical,236,0
T36032,C100756,2021-02-18,chat,,235,1
T35602,C100278,2024-11-04,email,,179,0
T60439,C100809,2021-08-27,email,billing,158,0
T92397,C100686,2023-06-19,,billing,119,1
T31455,C101386,2021-09-21,,technical,227,1
T36652,C100203,2022-09-18,phone,billing,227,0
T41118,C101406,2021-02-27,chat,billing,251,0
T97031,C100400,2024-12-28,email,technical,39,1
T33174,C100537,2021-05-09,phone,billing,61,0
T74548,C100782,2022-06-11,chat,billing,117,1
T12476,C100976,2021-03-05,email,,108,0
T71507,C101174,2023-06-24,whatsapp,billing,159,0
T98175,C101339,2021-08-03,,technical,218,1
T41085,C100308,2023-06-06,whatsapp,,265,1
T46318,C101028,2023-04-29,phone,,7,0
T56537,C100267,2021-07-21,,general,284,1
T67607,C101209,2023-11-29,email,,100,0
T13276,C100283,2024-02-24,email,,126,0
T73065,C101310,2022-07-10,,,53,0
T41824,C101461,2023-02-22,whatsapp,,234,0
T51911,C100590,2022-03-26,,technical,81,0
T87647,C100883,2022-09-07,whatsapp,,173,0
T44238,C101451,2021-08-19,whatsapp,general,125,0
T17389,C100001,2021-05-10,phone,general,266,1
T69979,C100578,2024-12-12,chat,,151,0
T83464,C100616,2024-07-10,,technical,41,0
T31267,C100811,2022-01-13,email,technical,176,0
T42962,C100495,2022-06-01,email,,293,0
T58579,C101224,2022-10-15,,technical,68,0
T70003,C100291,2021-07-06,chat,,119,1
T10781,C100728,2025-02-02,email,general,219,0
T61132,C100799,2022-08-16,whatsapp,,34,0
T30110,C101341,2022-11-24,phone,billing,103,0
T76645,C100924,2022-01-01,,general,153,1
T40291,C101181,2021-12-16,,general,30,1
T88684,C100397,2021-04-30,chat,billing,139,1
T36270,C100521,2024-08-13,chat,billing,218,0
T27743,C101307,2023-05-03,,,260,1
T50380,C100606,2022-08-25,phone,,23,1
T64923,C100711,2021-11-13,whatsapp,technical,88,0
T76060,C101008,2023-09-21,whatsapp,,78,0
T75187,C101203,2022-12-24,,,86,0
T23152,C100616,2024-06-01,chat,,218,0
T10888,C100587,2021-06-13,chat,technical,254,0
T35100,C101477,2021-10-10,whatsapp,billing,222,0
T65636,C101333,2022-10-10,,technical,165,1
T48235,C101291,2024-05-21,,billing,131,0
T40637,C101422,2024-04-10,,technical,45,0
T14686,C100758,2024-01-08,whatsapp,general,53,1
T52620,C100176,2024-03-05,,general,222,0
T25746,C101442,2021-02-08,whatsapp,,58,0
T48247,C100852,2021-07-18,phone,technical,284,0
T50842,C101085,2023-07-15,,general,16,1
T58202,C101406,2023-08-28,,,142,0
